     4.01383      73.54   11.06927
     4.06387      76.08   11.30158
     4.11394      69.48   10.74801
     4.16399      73.23   11.00793
     4.21393      87.95   12.11325
     4.26382     103.51   13.09452
     4.31386     134.34   14.94499
     4.36386     158.84   16.27419
     4.41387     157.33   16.21410
     4.46393     185.27   17.68956
     4.51371     334.36   23.70239
     4.56380     427.60   26.93127
     4.61387     553.98   30.85272
     4.66383     622.36   32.74662
     4.71382     655.56   33.51497
     4.76373     738.27   35.64399
     4.81383     922.71   40.08647
     4.86386    1001.96   41.84730
     4.91380    1074.07   43.31023
     4.96383    1103.16   43.98940
     5.01385    1158.39   45.19554
     5.06384    1277.68   47.56972
     5.11378    1165.77   45.13123
     5.16377    1216.61   46.27074
     5.21389    1143.14   44.75139
     5.26637    1211.30   37.85081
     5.31641    1307.12   39.15351
     5.36648    1233.89   37.78949
     5.41653    1229.41   38.08313
     5.46647    1227.64   38.22233
     5.51636    1246.29   38.51089
     5.56640    1295.23   39.58110
     5.61640    1253.84   38.47788
     5.66642    1234.97   38.34556
     5.71648    1330.69   39.85478
     5.76625    1235.74   38.24861
     5.81634    1171.39   37.70968
     5.86641    1219.24   38.02101
     5.91638    1146.34   37.30734
     5.96636    1160.74   36.70370
     6.01627    1214.44   37.92110
     6.06638    1084.23   35.37558
     6.11640    1097.47   36.15927
     6.16635    1136.28   36.93792
     6.21638    1141.65   37.94458
     6.26639    1125.95   36.51728
     6.31638    1100.71   36.24410
     6.36632    1078.36   35.59963
     6.41632    1075.06   36.30052
     6.46643     960.57   33.68192
     6.51147     969.36   35.13435
     6.56151     900.22   33.11942
     6.61158     992.24   34.71580
     6.66163     934.97   33.66410
     6.71157     979.22   34.46342
     6.76146     865.38   32.23006
     6.81150     896.75   33.43996
     6.86149     853.73   32.24247
     6.91151     871.03   32.27699
     6.96157     796.78   30.71528
     7.01134     905.16   33.36829
     7.06144     797.03   31.62412
     7.11151     774.78   30.55348
     7.16147     781.38   30.56521
     7.21146     824.08   31.70901
     7.26137     758.17   30.92629
     7.31147     789.33   31.05658
     7.36150     787.10   30.93498
     7.41144     818.57   31.38357
     7.46147     778.51   30.66661
     7.51149     724.46   29.32819
     7.56147     783.92   30.73473
     7.61142     781.23   30.70695
     7.66141     737.67   29.80224
     7.71153     756.58   30.00346
     7.76751     757.97   27.49388
     7.81755     751.16   27.41274
     7.86762     761.24   27.55206
     7.91767     738.11   27.09809
     7.96761     710.96   26.68323
     8.01750     731.37   26.97982
     8.06754     734.55   27.02646
     8.11754     693.58   26.32312
     8.16755     647.81   25.32365
     8.21761     691.72   26.22844
     8.26739     687.66   26.20795
     8.31748     733.45   27.09390
     8.36755     731.55   26.95613
     8.41751     717.05   26.81517
     8.46750     718.28   26.72551
     8.51741     714.37   26.65215
     8.56751     663.43   25.69600
     8.61754     717.91   26.71770
     8.66748     687.81   26.11863
     8.71751     686.90   26.09672
     8.76753     691.88   26.26484
     8.81752     637.52   25.14968
     8.86746     698.56   26.30348
     8.91745     627.19   25.02655
     8.96757     637.52   25.13286
     9.02005     646.48   25.84616
     9.07009     675.32   26.41674
     9.12016     686.37   26.66366
     9.17021     657.39   26.05491
     9.22015     639.85   25.69772
     9.27004     654.01   25.96485
     9.32008     671.56   26.28656
     9.37008     649.90   25.91032
     9.42010     655.94   25.99823
     9.47016     675.89   26.43729
     9.51993     628.47   25.46590
     9.57002     642.13   25.75125
     9.62009     618.26   25.34039
     9.67006     627.80   25.50677
     9.72004     627.67   25.42380
     9.76995     605.78   25.05125
     9.82006     605.03   24.98178
     9.87008     583.37   24.45326
     9.92003     623.12   25.36947
     9.97006     609.30   25.22067
    10.02007     620.75   25.32565
    10.07006     631.93   25.56887
    10.12000     622.02   25.27586
    10.17000     590.72   24.70159
    10.22011     614.31   25.17272
    10.27485     611.64   27.77130
    10.32489     627.77   28.24194
    10.37496     630.26   28.49672
    10.42501     635.77   28.33428
    10.47495     604.60   27.83026
    10.52484     612.43   27.90181
    10.57488     646.20   28.53036
    10.62487     620.86   28.03162
    10.67489     648.94   28.80600
    10.72495     599.88   27.59405
    10.77472     587.55   27.54656
    10.82482     591.62   27.29940
    10.87489     605.61   27.59893
    10.92485     602.43   27.69333
    10.97484     615.17   28.21082
    11.02475     588.15   27.76996
    11.07485     582.39   26.91414
    11.12488     639.42   29.01515
    11.17482     583.99   27.18445
    11.22485     580.35   27.27613
    11.27487     548.93   26.47988
    11.32485     617.43   28.24884
    11.37480     655.66   28.77495
    11.42479     613.73   27.69455
    11.47491     557.17   26.52092
    11.52429     560.35   26.15274
    11.57433     580.13   27.09340
    11.62440     554.51   27.45497
    11.67445     574.49   26.71121
    11.72439     562.13   26.34391
    11.77428     609.86   28.08774
    11.82432     582.26   27.10459
    11.87432     625.76   28.07137
    11.92433     583.26   27.02463
    11.97439     573.49   26.86245
    12.02417     574.74   26.70450
    12.07426     541.54   26.05296
    12.12433     625.09   28.17806
    12.17429     555.56   26.31991
    12.22428     517.02   25.09199
    12.27419     590.75   27.23880
    12.32429     566.55   26.58450
    12.37432     557.07   26.28757
    12.42426     525.53   25.58295
    12.47429     559.62   26.28660
    12.52431     575.02   27.37300
    12.57430     511.62   24.83340
    12.62424     609.18   27.80062
    12.67423     573.61   27.17423
    12.72435     562.61   26.30378
    12.76333     527.77   22.85800
    12.81337     589.81   24.20630
    12.86344     542.63   23.18784
    12.91349     583.19   24.07896
    12.96344     568.02   23.75400
    13.01332     583.92   24.11673
    13.06336     588.07   24.20055
    13.11336     548.85   23.39740
    13.16338     613.15   24.64715
    13.21344     551.79   23.33132
    13.26321     597.31   24.37395
    13.31330     592.50   24.22451
    13.36337     540.43   23.16066
    13.41334     550.15   23.37551
    13.46332     565.26   23.69254
    13.51323     557.92   23.52881
    13.56334     493.77   22.11035
    13.61337     522.40   22.78726
    13.66331     547.33   23.32826
    13.71334     564.67   23.64768
    13.76335     567.86   23.71098
    13.81334     570.71   23.76095
    13.86328     571.07   23.77541
    13.91328     535.56   23.03304
    13.96339     589.42   24.16046
    14.01778     613.60   24.69462
    14.06782     567.31   23.75039
    14.11789     593.96   24.36486
    14.16794     567.56   23.73612
    14.21788     549.27   23.41354
    14.26777     553.62   23.49397
    14.31781     564.91   23.69694
    14.36780     550.42   23.37988
    14.41782     582.45   23.99868
    14.46788     548.94   23.30318
    14.51765     521.68   22.81678
    14.56775     548.23   23.31554
    14.61782     531.72   23.10929
    14.66778     544.33   23.36535
    14.71777     543.12   23.23510
    14.76768     579.31   23.99750
    14.81778     571.08   23.80974
    14.86781     527.45   22.82841
    14.91775     572.98   23.85220
    14.96778     569.40   23.80207
    15.01780     555.16   23.49820
    15.06778     546.65   23.36975
    15.11773     562.74   23.62207
    15.16772     526.91   22.90884
    15.21784     543.94   23.18656
    15.27382     546.15   23.46866
    15.32386     559.40   23.77972
    15.37393     571.43   23.99798
    15.42398     594.33   24.49311
    15.47392     530.84   23.11276
    15.52381     576.43   24.14783
    15.57385     569.74   23.96818
    15.62385     570.06   23.96402
    15.67386     536.91   23.38894
    15.72393     568.46   23.92996
    15.77370     583.46   24.38502
    15.82379     561.67   23.76968
    15.87386     523.80   22.90607
    15.92382     584.26   24.28971
    15.97381     618.01   25.01216
    16.02372     634.19   25.35974
    16.07382     558.70   23.76119
    16.12385     528.31   23.06173
    16.17379     560.09   23.75356
    16.22382     553.19   23.60960
    16.27384     540.16   23.36862
    16.32383     559.93   23.78867
    16.37377     583.03   24.25541
    16.42376     562.84   23.84309
    16.47388     579.19   24.15811
    16.50791     556.97   24.37435
    16.55795     551.50   24.31864
    16.60802     554.96   24.34203
    16.65807     522.53   23.62397
    16.70802     549.02   24.21131
    16.75790     565.97   24.69298
    16.80794     538.37   23.96224
    16.85794     520.98   23.58567
    16.90796     537.44   23.92635
    16.95802     534.91   23.87547
    17.00779     541.18   24.01171
    17.05788     570.88   24.71130
    17.10795     546.96   24.17111
    17.15792     609.77   25.52417
    17.20790     584.97   25.02128
    17.25781     579.77   25.03660
    17.30792     571.15   24.72761
    17.35795     597.17   25.30082
    17.40789     633.76   26.10874
    17.45792     645.06   26.34839
    17.50793     671.98   26.94397
    17.55792     634.99   26.13266
    17.60786     651.90   26.65827
    17.65786     676.41   27.04801
    17.70797     714.11   27.79871
    17.74481     725.04   28.67120
    17.79485     809.82   30.37052
    17.84492     756.38   29.25174
    17.89497     826.25   30.72262
    17.94491     862.86   31.43074
    17.99480     898.01   32.11711
    18.04484     984.12   33.71291
    18.09483     934.99   32.77429
    18.14485    1055.07   34.94406
    18.19491    1045.13   34.69575
    18.24468    1070.88   35.43044
    18.29478    1172.91   37.11246
    18.34485    1283.12   38.86641
    18.39481    1281.06   38.88213
    18.44480    1303.38   39.19965
    18.49471    1489.88   42.20671
    18.54481    1592.18   43.54947
    18.59484    1681.29   44.81940
    18.64478    1758.58   45.96732
    18.69481    1841.44   47.04667
    18.74483    1964.85   48.71720
    18.79481    2090.58   50.24416
    18.84476    2211.00   51.86869
    18.89475    2497.47   55.37856
    18.94487    2560.65   56.00492
    18.98965    2956.48   58.44145
    19.03969    3093.75   59.86636
    19.08976    3317.13   61.97197
    19.13981    3668.09   65.36727
    19.18975    4016.19   68.81736
    19.23964    4291.91   71.26543
    19.28968    4876.40   76.70018
    19.33968    5317.95   80.73147
    19.38970    5535.01   82.71981
    19.43976    5815.16   85.24913
    19.48953    5771.38   84.83701
    19.53962    5796.72   85.19238
    19.58969    5593.90   83.55965
    19.63965    5298.18   80.75313
    19.68964    5069.27   78.75131
    19.73955    4814.88   76.63277
    19.78965    4389.03   72.58568
    19.83968    3889.24   67.51490
    19.88963    3629.66   65.03346
    19.93965    2938.31   57.75144
    19.98967    2614.41   54.12948
    20.03966    2217.38   49.47389
    20.08960    1817.80   44.33801
    20.13960    1605.70   41.66638
    20.18971    1303.09   37.22909
    20.25554    1085.60   33.27572
    20.30558     953.77   31.26977
    20.35565     799.84   28.41862
    20.40570     790.64   28.24868
    20.45565     705.53   26.61123
    20.50553     701.66   26.56621
    20.55557     672.86   25.96694
    20.60557     661.37   25.79575
    20.65559     678.78   26.03475
    20.70565     683.80   26.25218
    20.75542     626.28   25.10138
    20.80551     640.61   25.33950
    20.85558     594.91   24.38499
    20.90555     669.49   25.90470
    20.95553     637.81   25.42765
    21.00544     610.25   24.74295
    21.05555     611.97   24.75293
    21.10558     671.68   26.04164
    21.15552     673.35   26.02045
    21.20555     641.44   25.44318
    21.25556     627.05   25.14592
    21.30555     618.25   24.90358
    21.35549     597.58   24.40878
    21.40549     638.39   25.42773
    21.45560     657.10   25.64025
    21.51584     603.25   25.19308
    21.56588     582.33   24.75243
    21.61595     588.80   24.89920
    21.66600     584.33   24.73264
    21.71594     599.50   25.09812
    21.76583     544.29   23.87602
    21.81587     610.95   25.31765
    21.86586     614.98   25.42410
    21.91588     596.97   24.98658
    21.96594     557.09   24.18534
    22.01571     576.91   24.64807
    22.06581     554.85   24.14646
    22.11588     564.72   24.35862
    22.16584     560.80   24.33573
    22.21583     594.57   24.97730
    22.26574     584.67   24.78656
    22.31584     548.44   23.97343
    22.36587     557.87   24.18048
    22.41581     572.54   24.59818
    22.46584     586.89   24.87488
    22.51586     570.50   24.48556
    22.56584     570.64   24.48437
    22.61579     597.98   25.03873
    22.66578     557.77   24.20857
    22.71590     536.31   23.70361
    22.76183     550.03   24.23394
    22.81187     595.95   25.27736
    22.86194     538.78   24.00136
    22.91199     551.26   24.26593
    22.96193     544.29   24.08857
    23.01182     541.66   24.00710
    23.06186     543.72   24.03990
    23.11186     551.50   24.24542
    23.16188     571.09   24.67436
    23.21194     505.30   23.41671
    23.26171     619.12   25.75393
    23.31180     562.25   24.53269
    23.36187     513.87   23.41236
    23.41183     547.17   24.24775
    23.46182     522.03   23.56010
    23.51173     578.29   24.89308
    23.56183     533.36   23.87345
    23.61186     587.49   25.02466
    23.66181     551.30   24.27324
    23.71183     543.14   24.14556
    23.76185     570.17   24.63536
    23.81184     525.16   23.64008
    23.86178     569.30   24.57673
    23.91178     583.72   25.01987
    23.96189     547.33   24.11833
    24.01122     556.68   25.50250
    24.06126     584.06   26.32144
    24.11133     565.95   25.75874
    24.16138     514.64   24.60975
    24.21133     564.76   25.87491
    24.26121     489.48   24.04925
    24.31125     549.91   25.59449
    24.36125     594.38   26.61275
    24.41127     525.00   24.74162
    24.46133     578.76   26.04933
    24.51110     552.75   25.43748
    24.56119     548.17   25.45807
    24.61126     581.90   26.07594
    24.66123     530.99   24.92410
    24.71121     537.68   25.28576
    24.76112     589.43   26.35649
    24.81123     576.79   26.14861
    24.86126     600.56   26.54266
    24.91120     583.89   26.17574
    24.96123     513.16   24.53411
    25.01124     560.73   25.63275
    25.06123     541.49   25.20020
    25.11117     577.82   25.99226
    25.16117     586.16   26.33810
    25.21128     540.78   25.21791
    25.26532     619.27   26.98557
    25.31536     520.62   24.85680
    25.36543     571.87   25.96418
    25.41548     580.82   26.36411
    25.46542     571.68   25.85204
    25.51531     520.03   24.74665
    25.56535     586.51   26.24014
    25.61534     540.11   25.54133
    25.66536     577.24   26.02636
    25.71542     544.27   25.24382
    25.76519     574.17   25.96750
    25.81529     558.22   25.60805
    25.86536     522.91   25.00816
    25.91532     571.41   26.00493
    25.96531     525.80   25.07256
    26.01522     586.51   26.65027
    26.06532     591.18   26.39240
    26.11535     506.25   24.49387
    26.16529     536.10   25.14996
    26.21532     530.04   24.93259
    26.26534     551.55   25.41258
    26.31532     569.68   25.85940
    26.36527     577.33   25.95171
    26.41526     538.29   25.28610
    26.46538     595.84   26.53609
    26.52746     566.80   24.73480
    26.57750     534.20   24.03055
    26.62757     511.99   23.58927
    26.67762     489.86   23.02872
    26.72756     558.39   24.59003
    26.77745     551.84   24.45738
    26.82749     543.32   24.27531
    26.87749     509.58   23.42202
    26.92751     522.50   23.69263
    26.97757     513.21   23.48485
    27.02734     504.69   23.41228
    27.07743     538.68   24.03426
    27.12750     550.86   24.52870
    27.17746     494.23   23.05700
    27.22745     510.15   23.50905
    27.27736     553.73   24.45225
    27.32746     538.71   24.18616
    27.37749     543.94   24.24923
    27.42744     512.67   23.42346
    27.47746     481.15   22.78353
    27.52748     529.67   23.96358
    27.57747     495.16   23.16794
    27.62741     555.38   24.52368
    27.67741     540.68   24.11251
    27.72752     531.74   23.90600
    27.78325     550.37   25.17343
    27.83329     557.90   25.30472
    27.88336     497.02   23.83447
    27.93341     538.98   24.84254
    27.98336     561.36   25.53668
    28.03324     531.85   24.60844
    28.08328     519.15   24.25464
    28.13328     537.80   24.75187
    28.18330     510.24   24.21003
    28.23336     564.52   25.32031
    28.28313     520.04   24.28495
    28.33322     543.59   24.82194
    28.38329     555.20   25.24256
    28.43326     560.50   25.26731
    28.48324     560.48   25.40095
    28.53315     528.75   24.45983
    28.58326     522.84   24.85929
    28.63329     556.41   25.10714
    28.68323     540.02   25.12452
    28.73326     567.58   25.41311
    28.78327     496.74   23.80451
    28.83326     538.69   24.93160
    28.88320     555.60   25.31289
    28.93320     546.17   24.90304
    28.98331     529.21   24.46511
    29.01560     537.87   25.51206
    29.06564     573.51   26.35974
    29.11571     525.77   25.12784
    29.16576     537.02   25.55101
    29.21570     504.11   24.67183
    29.26559     565.36   26.22563
    29.31563     564.98   26.21766
    29.36562     576.26   26.36364
    29.41564     555.60   25.79599
    29.46570     590.03   26.63705
    29.51547     556.44   25.89406
    29.56557     559.63   26.00951
    29.61564     541.31   25.49259
    29.66560     568.41   26.23952
    29.71559     498.94   24.47178
    29.76550     531.00   25.31132
    29.81560     495.42   24.41522
    29.86563     549.45   25.70285
    29.91557     556.21   25.99050
    29.96560     551.10   25.72342
    30.01562     513.64   24.90375
    30.06560     562.21   25.99906
    30.11555     517.64   24.88232
    30.16554     542.29   25.58346
    30.21566     561.06   26.03751
    30.24839     538.08   25.62033
    30.29843     536.68   25.58735
    30.34850     526.43   25.40187
    30.39855     523.09   25.17468
    30.44849     552.84   26.04355
    30.49838     530.28   25.53520
    30.54842     566.66   26.24559
    30.59842     532.55   25.50583
    30.64844     477.49   24.03578
    30.69850     555.79   25.92018
    30.74827     536.40   25.60793
    30.79836     515.96   25.01221
    30.84843     532.31   25.54211
    30.89839     563.51   26.37943
    30.94838     549.26   25.83239
    30.99829     552.21   26.03063
    31.04839     537.24   25.61935
    31.09842     545.68   25.74964
    31.14837     524.59   25.32417
    31.19839     549.96   26.04743
    31.24841     554.30   26.16919
    31.29840     533.84   25.57482
    31.34834     526.99   25.35164
    31.39834     523.11   25.33912
    31.44845     520.69   25.17145
    31.50128     582.68   27.31124
    31.55132     565.98   26.86262
    31.60139     501.58   25.29474
    31.65144     556.78   26.60241
    31.70139     495.89   25.04953
    31.75128     501.27   25.31729
    31.80132     539.15   26.25746
    31.85131     550.49   26.50161
    31.90133     517.00   25.57959
    31.95139     502.69   25.15739
    32.00116     556.92   26.77999
    32.05125     497.74   25.00451
    32.10132     533.09   25.97851
    32.15129     514.73   25.64153
    32.20127     572.36   27.14339
    32.25118     544.33   26.30100
    32.30129     516.97   25.63898
    32.35132     552.10   26.48632
    32.40126     514.87   25.47163
    32.45129     560.09   26.69735
    32.50131     561.37   26.71461
    32.55129     524.94   25.84485
    32.60123     533.94   26.04098
    32.65123     535.18   26.10939
    32.70134     548.12   26.32748
    32.74618     517.11   25.27373
    32.79622     530.83   25.69405
    32.84629     535.16   25.74180
    32.89634     549.84   26.02831
    32.94628     569.33   26.53429
    32.99617     536.46   25.87501
    33.04621     560.80   26.17194
    33.09620     522.68   25.52162
    33.14622     581.29   26.80813
    33.19628     553.15   26.38272
    33.24605     515.25   25.11588
    33.29615     543.44   25.85931
    33.34622     533.53   25.62573
    33.39618     540.56   25.80074
    33.44617     586.28   26.93232
    33.49608     549.29   26.15409
    33.54618     564.30   26.26965
    33.59621     547.36   26.05807
    33.64615     540.20   26.02517
    33.69618     553.90   26.35698
    33.74620     535.27   25.59744
    33.79618     537.82   26.05387
    33.84613     499.29   24.81717
    33.89612     556.32   26.24013
    33.94624     548.80   26.01228
    33.98727     549.75   24.96208
    34.03731     557.20   25.19085
    34.08738     557.53   25.14992
    34.13743     544.76   24.98389
    34.18737     531.63   24.57554
    34.23726     584.75   25.86688
    34.28730     525.61   24.43659
    34.33730     570.04   25.47937
    34.38732     569.33   25.40667
    34.43738     550.86   25.04443
    34.48715     569.75   25.45931
    34.53724     550.50   24.99875
    34.58731     573.93   25.52154
    34.63727     556.84   25.14747
    34.68726     562.93   25.28341
    34.73717     549.32   24.92268
    34.78727     557.90   25.18871
    34.83730     559.18   25.20433
    34.88725     520.61   24.21459
    34.93727     550.79   24.86159
    34.98729     589.31   25.80444
    35.03728     587.38   25.92513
    35.08722     574.23   25.46847
    35.13722     575.96   25.56526
    35.18733     542.30   24.91245
    35.25581     575.20   25.04889
    35.30585     572.12   24.99435
    35.35592     544.49   24.36260
    35.40597     579.20   25.12075
    35.45592     554.32   24.58051
    35.50581     586.08   25.35805
    35.55585     520.18   23.79011
    35.60584     527.44   23.89585
    35.65586     524.07   24.02924
    35.70592     605.29   25.65619
    35.75569     517.58   23.90117
    35.80578     571.03   24.93259
    35.85585     586.57   25.26046
    35.90582     528.76   23.95545
    35.95580     551.99   24.64698
    36.00571     603.00   25.69025
    36.05582     531.34   24.08669
    36.10585     572.28   24.91922
    36.15579     580.24   25.12786
    36.20582     611.82   25.81007
    36.25584     611.61   25.83363
    36.30582     556.98   24.67804
    36.35576     545.68   24.35463
    36.40576     560.08   24.71186
    36.45587     560.34   24.67194
    36.52951     579.85   24.69601
    36.57955     628.79   25.96517
    36.62962     539.90   23.71841
    36.67967     583.35   24.68477
    36.72961     609.03   25.26353
    36.77950     644.11   25.98750
    36.82954     561.05   24.37611
    36.87953     598.91   24.99392
    36.92955     585.40   24.72705
    36.97961     571.63   24.38054
    37.02938     595.96   24.95792
    37.07948     590.96   24.84647
    37.12955     641.02   25.91535
    37.17951     586.84   24.72586
    37.22950     603.90   25.14823
    37.27941     612.85   25.37675
    37.32951     630.42   25.77947
    37.37954     694.73   27.07887
    37.42948     700.08   27.28922
    37.47951     732.16   27.94172
    37.52953     760.45   28.43650
    37.57951     814.57   29.50537
    37.62946     873.09   30.57453
    37.67945     955.01   32.14667
    37.72957    1021.93   33.29078
    37.76990    1055.31   33.57166
    37.81994    1203.46   36.13612
    37.87001    1395.75   38.96157
    37.92006    1554.55   41.16958
    37.97000    1710.79   43.35584
    38.01989    1888.64   45.70886
    38.06993    2307.68   50.68010
    38.11993    2598.15   53.95986
    38.16995    3021.80   58.45644
    38.22001    3544.50   63.75288
    38.26978    3786.92   66.21072
    38.31987    4126.78   69.47367
    38.36994    4234.97   70.42458
    38.41991    4323.50   71.21394
    38.46989    4255.96   70.62882
    38.51980    4150.17   69.84229
    38.56990    3912.38   67.43434
    38.61993    3666.13   64.82202
    38.66988    3429.03   62.57042
    38.71990    3007.72   58.08641
    38.76992    2649.56   54.30488
    38.81991    2290.00   50.24751
    38.86985    1910.98   45.31245
    38.91985    1696.74   42.67331
    38.96996    1397.99   38.57956
    39.02064    1166.13   35.28234
    39.07068    1034.00   33.10843
    39.12075     919.90   31.05987
    39.17080     849.21   29.84887
    39.22075     736.48   27.67763
    39.27064     691.21   26.84142
    39.32068     745.74   27.90398
    39.37067     693.30   26.90168
    39.42069     641.87   25.82176
    39.47075     698.77   26.98800
    39.52052     632.61   25.76290
    39.57061     709.01   27.18574
    39.62068     661.85   26.25694
    39.67065     708.83   27.19864
    39.72063     756.92   28.16690
    39.77054     759.28   28.23376
    39.82065     768.54   28.37511
    39.87068     766.12   28.34619
    39.92062     840.77   29.67788
    39.97065     821.09   29.32483
    40.02067     860.00   29.99742
    40.07065     915.08   31.02443
    40.12059     927.28   31.12681
    40.17059     883.79   30.43204
    40.22070     853.08   29.82993
    40.27224     925.17   30.96317
    40.32228     882.47   30.27692
    40.37235     820.35   29.09356
    40.42240     794.70   28.68631
    40.47234     786.24   28.43962
    40.52223     747.20   27.75474
    40.57227     767.38   28.13121
    40.62226     674.06   26.31720
    40.67228     644.80   25.70991
    40.72234     676.02   26.35981
    40.77211     612.87   25.09597
    40.82221     624.81   25.30311
    40.87228     608.07   24.96668
    40.92224     587.60   24.63361
    40.97223     625.85   25.32156
    41.02214     602.59   24.86951
    41.07224     582.43   24.46366
    41.12227     593.55   24.73655
    41.17221     603.80   24.91189
    41.22224     600.29   24.98331
    41.27226     640.99   25.60705
    41.32224     622.02   25.28030
    41.37219     622.36   25.22739
    41.42218     591.68   24.61699
    41.47230     624.37   25.30000
    41.51418     622.74   25.71413
    41.56422     615.72   25.67901
    41.61429     666.84   26.82597
    41.66434     610.81   25.53975
    41.71428     584.16   24.90675
    41.76417     647.54   26.26624
    41.81421     658.02   26.47755
    41.86421     653.33   26.34983
    41.91423     636.88   26.00457
    41.96429     639.91   26.20778
    42.01406     621.13   25.74073
    42.06415     655.56   26.41293
    42.11422     639.90   26.04654
    42.16419     615.60   25.60071
    42.21417     610.73   25.44234
    42.26408     625.94   25.83695
    42.31419     617.00   25.60057
    42.36421     661.27   26.48503
    42.41416     576.94   24.68756
    42.46418     628.69   25.86334
    42.51420     606.43   25.38505
    42.56419     566.84   24.58278
    42.61413     585.12   24.90169
    42.66413     579.71   24.82040
    42.71424     599.71   25.14783
    42.76397     574.86   24.43681
    42.81401     550.52   24.00044
    42.86408     641.20   25.96865
    42.91413     528.49   23.49737
    42.96408     565.59   24.32033
    43.01397     626.92   25.61420
    43.06401     562.80   24.27801
    43.11400     575.65   24.53171
    43.16402     615.06   25.43588
    43.21408     565.51   24.29307
    43.26385     557.60   24.08757
    43.31394     557.25   24.10107
    43.36401     564.65   24.28962
    43.41398     559.70   24.15222
    43.46396     548.51   23.96947
    43.51387     536.08   23.62303
    43.56398     583.44   24.66374
    43.61401     601.49   25.03125
    43.66395     585.11   24.69362
    43.71398     595.45   24.94342
    43.76400     587.21   24.70426
    43.81398     539.31   23.76558
    43.86392     561.55   24.17748
    43.91392     594.74   25.03829
    43.96403     588.41   24.77644
    44.01482     568.30   23.93925
    44.06486     635.51   25.45986
    44.11493     616.68   24.95297
    44.16498     588.83   24.37728
    44.21492     576.08   24.18558
    44.26481     575.28   24.12185
    44.31485     621.50   25.09959
    44.36484     594.33   24.52022
    44.41486     635.62   25.35711
    44.46492     614.42   24.91656
    44.51469     630.91   25.35090
    44.56479     615.83   24.99129
    44.61486     542.29   23.38795
    44.66482     606.42   24.73870
    44.71481     604.65   24.71140
    44.76472     634.06   25.44783
    44.81482     607.04   24.83550
    44.86485     575.31   24.13447
    44.91479     668.89   26.08035
    44.96482     642.73   25.53664
    45.01484     577.95   24.25305
    45.06482     597.85   24.59008
    45.11477     564.58   23.84450
    45.16476     608.32   24.87191
    45.21488     601.81   24.63767
    45.25911     552.73   24.97878
    45.30915     647.60   26.82468
    45.35922     596.26   25.70545
    45.40927     602.79   25.93352
    45.45921     615.94   26.45413
    45.50910     622.21   26.64828
    45.55914     615.76   26.13848
    45.60914     650.02   26.85687
    45.65916     654.53   27.14316
    45.70922     695.24   27.89984
    45.75899     711.97   28.32201
    45.80908     746.87   28.92644
    45.85915     800.53   30.45363
    45.90912     888.47   31.95465
    45.95910    1021.24   34.66535
    46.00901    1157.49   37.20796
    46.05912    1352.64   40.51399
    46.10914    1552.62   43.63226
    46.15909    1780.88   47.35344
    46.20911    2242.47   53.22402
    46.25913    2747.69   59.81203
    46.30912    3251.85   65.17050
    46.35906    3936.69   71.91952
    46.40906    4925.10   81.38396
    46.45917    5731.04   88.35011
    46.50960    7107.89  106.51113
    46.55964    8042.31  114.10666
    46.60971    8705.24  119.22895
    46.65976    9049.98  122.05881
    46.70971    9179.82  122.98954
    46.75960    9382.32  124.91706
    46.80964    8960.06  121.03598
    46.85963    8594.96  117.58012
    46.90965    7869.94  111.27790
    46.95971    7187.31  105.39828
    47.00948    6240.77   96.87907
    47.05957    5427.34   89.38858
    47.10964    4580.95   81.03097
    47.15961    3540.50   69.91371
    47.20959    2919.01   62.98517
    47.25950    2217.15   54.49273
    47.30961    1929.16   50.82431
    47.35964    1583.96   45.75394
    47.40958    1200.24   39.23300
    47.45961     942.50   34.51882
    47.50963     887.89   33.66777
    47.55961     783.54   31.38044
    47.60955     741.33   30.37760
    47.65955     782.11   31.41716
    47.70966     708.55   29.71679
    47.77710     710.36   28.24019
    47.82714     654.39   27.18641
    47.87721     628.75   26.33804
    47.92726     669.96   27.53071
    47.97720     618.40   26.02775
    48.02709     664.89   27.46391
    48.07713     614.32   26.17133
    48.12713     608.60   26.03452
    48.17714     625.46   26.22671
    48.22720     604.21   26.11479
    48.27697     654.59   27.23453
    48.32707     603.17   25.85099
    48.37714     582.69   25.53452
    48.42710     596.61   26.20669
    48.47709     596.06   25.98906
    48.52700     572.87   25.63915
    48.57710     598.10   26.16653
    48.62713     576.92   25.76768
    48.67707     621.76   26.36424
    48.72710     649.65   27.13596
    48.77712     582.83   25.69896
    48.82711     551.25   25.20139
    48.87705     600.87   25.92623
    48.92704     589.12   25.44204
    48.97716     563.90   25.07701
    49.02039     574.59   23.48605
    49.07043     588.27   23.79646
    49.12050     576.08   23.49906
    49.17055     593.33   23.89246
    49.22049     535.85   22.84662
    49.27038     571.71   23.46464
    49.32042     565.14   23.33133
    49.37042     544.54   22.82815
    49.42044     570.44   23.41348
    49.47050     522.34   22.31773
    49.52027     556.21   23.11842
    49.57036     533.82   22.72334
    49.62043     603.90   24.14209
    49.67040     600.87   24.09525
    49.72038     589.90   23.88240
    49.77029     571.82   23.44161
    49.82040     576.59   23.58714
    49.87042     563.81   23.26740
    49.92037     596.02   24.07986
    49.97039     618.96   24.42754
    50.02041     584.58   23.74804
    50.07040     617.38   24.42296
    50.12034     607.08   24.18136
    50.17034     621.29   24.54414
    50.22045     622.22   24.57092
    50.25053     589.45   24.84458
    50.30057     625.86   25.63336
    50.35064     624.74   25.67840
    50.40069     673.08   26.66671
    50.45064     612.75   25.45624
    50.50053     680.12   26.86207
    50.55057     750.21   28.19654
    50.60056     805.66   29.32541
    50.65058     850.40   30.11896
    50.70064     912.42   31.32816
    50.75041     999.21   32.74413
    50.80050    1126.52   34.88776
    50.85057    1268.63   37.08153
    50.90054    1420.22   39.26960
    50.95052    1632.97   42.28823
    51.00043    1757.50   44.01438
    51.05054    1826.49   44.82801
    51.10057    2012.12   47.27077
    51.15051    1966.40   46.56894
    51.20054    1968.61   46.57493
    51.25056    2089.40   48.16631
    51.30054    1907.84   45.83038
    51.35048    1828.39   44.82005
    51.40048    1702.65   43.10749
    51.45059    1592.11   41.53805
    51.51628    1384.06   38.82301
    51.56632    1256.95   36.89243
    51.61639    1033.35   33.33686
    51.66644    1032.86   33.26905
    51.71638     902.30   31.23295
    51.76627     770.06   28.65580
    51.81631     684.19   26.93309
    51.86631     678.48   26.85435
    51.91632     628.51   25.82498
    51.96638     585.21   24.84335
    52.01615     561.37   24.34494
    52.06625     564.74   24.42731
    52.11632     619.46   25.61550
    52.16628     625.38   25.74365
    52.21627     577.59   24.69137
    52.26618     593.37   25.12405
    52.31628     558.06   24.24630
    52.36631     562.33   24.35938
    52.41625     572.36   24.59343
    52.46628     575.44   24.63494
    52.51630     567.83   24.56531
    52.56629     591.16   25.12492
    52.61623     581.25   24.69352
    52.66622     582.49   24.81084
    52.71634     528.34   23.64009
    52.78677     588.44   23.68269
    52.83681     609.26   24.11742
    52.88688     575.88   23.41250
    52.93693     589.18   23.70652
    52.98687     548.21   23.02101
    53.03676     579.13   23.77225
    53.08680     614.02   24.51322
    53.13680     608.52   24.18176
    53.18682     637.17   24.69148
    53.23688     581.75   23.50084
    53.28665     609.46   24.12034
    53.33674     561.01   23.07430
    53.38681     574.19   23.51715
    53.43678     615.98   24.35558
    53.48676     554.41   22.97408
    53.53667     585.54   23.81356
    53.58678     584.11   23.67185
    53.63680     598.91   24.01800
    53.68675     601.69   23.93204
    53.73677     596.11   23.87801
    53.78679     602.27   24.07678
    53.83678     516.36   22.22956
    53.88672     551.35   22.97019
    53.93672     594.10   23.94721
    53.98683     551.54   22.88861
    54.01986     561.12   22.92235
    54.06990     624.27   24.26130
    54.11998     566.83   23.03330
    54.17003     577.11   23.24301
    54.21997     552.25   22.76863
    54.26986     576.01   23.24238
    54.31990     571.00   23.14488
    54.36989     579.34   23.32382
    54.41991     590.83   23.48682
    54.46997     628.64   24.28393
    54.51974     600.89   23.73314
    54.56983     543.62   22.53938
    54.61991     542.59   22.56716
    54.66987     558.76   22.85947
    54.71985     590.50   23.51734
    54.76977     566.37   23.05788
    54.81987     559.22   23.01540
    54.86990     573.10   23.11493
    54.91984     558.75   22.84193
    54.96987     594.78   23.61440
    55.01989     611.67   23.97385
    55.06987     593.26   23.63806
    55.11981     613.23   23.94113
    55.16981     592.66   23.56549
    55.21993     568.48   22.99282
    55.25206     650.20   25.55725
    55.30210     619.19   24.96638
    55.35217     579.64   24.07717
    55.40222     569.49   23.91533
    55.45216     574.68   24.26138
    55.50205     605.05   24.65130
    55.55209     601.30   24.54348
    55.60209     557.44   23.68760
    55.65210     614.51   24.78021
    55.70216     572.48   24.04054
    55.75193     536.44   23.29633
    55.80203     594.40   24.37970
    55.85210     619.27   24.97064
    55.90206     605.45   24.63353
    55.95205     600.91   24.54831
    56.00196     591.09   24.39888
    56.05206     610.06   24.78334
    56.10209     600.02   24.46502
    56.15203     589.39   24.33429
    56.20206     610.02   24.72048
    56.25208     550.12   23.41698
    56.30207     593.25   24.32600
    56.35201     545.35   23.32147
    56.40200     605.01   24.61610
    56.45212     607.19   24.61437
    56.50825     539.80   23.50203
    56.55829     581.79   24.44608
    56.60836     560.40   23.97356
    56.65841     566.04   24.08208
    56.70835     530.51   23.46445
    56.75824     581.43   24.54776
    56.80828     548.65   23.72214
    56.85828     562.86   24.04927
    56.90830     548.36   23.65943
    56.95836     554.63   23.85427
    57.00813     563.32   24.32866
    57.05822     575.09   24.26428
    57.10829     556.45   23.92969
    57.15826     572.79   24.20348
    57.20824     553.71   23.80919
    57.25815     562.27   23.96780
    57.30826     592.71   24.64198
    57.35828     570.75   24.25400
    57.40823     571.96   24.19445
    57.45825     569.61   24.17142
    57.50827     562.10   24.01454
    57.55826     603.27   24.87711
    57.60820     541.26   23.49402
    57.65820     560.82   24.00776
    57.70831     553.52   23.79103
    57.76954     544.80   23.58819
    57.81958     588.91   24.60936
    57.86966     590.27   24.62823
    57.91971     546.31   23.68013
    57.96965     561.16   23.98193
    58.01954     556.20   23.82860
    58.06958     547.22   23.63837
    58.11957     538.70   23.42498
    58.16959     550.85   23.78355
    58.21965     566.30   24.10360
    58.26942     527.80   23.27055
    58.31951     613.86   25.13674
    58.36959     559.86   23.95299
    58.41955     550.75   23.74377
    58.46954     557.55   23.89657
    58.51945     565.82   24.08244
    58.56955     553.94   23.82115
    58.61958     546.87   23.69681
    58.66952     559.13   23.99009
    58.71955     574.27   24.26650
    58.76957     570.09   24.17836
    58.81955     542.75   23.56580
    58.86949     594.91   24.68272
    58.91949     564.57   24.04029
    58.96961     548.82   23.68840
    59.01809     518.55   23.39574
    59.06813     580.23   24.84390
    59.11820     545.66   24.00661
    59.16825     501.90   23.01074
    59.21819     539.24   23.91761
    59.26808     565.51   24.45121
    59.31812     572.66   24.61949
    59.36812     521.60   23.43671
    59.41813     562.26   24.37347
    59.46819     546.61   24.00121
    59.51796     542.54   23.92557
    59.56806     565.17   24.49851
    59.61813     575.26   24.65907
    59.66809     567.99   24.49158
    59.71808     565.37   24.49384
    59.76799     538.74   23.86045
    59.81809     577.67   24.79358
    59.86812     524.02   23.55478
    59.91806     569.99   24.55434
    59.96809     537.31   23.81941
    60.01811     584.08   24.92562
    60.06810     547.51   24.07201
    60.11804     581.93   24.90134
    60.16803     583.20   24.86781
    60.21815     601.42   25.25306
    60.25803     545.09   23.76031
    60.30807     556.10   24.23575
    60.35814     575.94   24.44965
    60.40819     591.96   24.99950
    60.45813     580.92   24.53453
    60.50802     599.74   25.02562
    60.55806     593.56   24.95729
    60.60806     627.90   25.60634
    60.65808     586.12   24.58242
    60.70814     555.20   23.95752
    60.75791     598.17   24.97320
    60.80800     593.96   24.91019
    60.85807     615.09   25.26650
    60.90804     601.91   24.99340
    60.95802     666.39   26.27634
    61.00793     656.43   26.36842
    61.05804     646.97   26.01029
    61.10806     651.08   26.08070
    61.15801     633.08   25.65908
    61.20804     706.80   27.21440
    61.25805     686.46   26.79570
    61.30804     767.17   28.37368
    61.35798     845.16   29.93739
    61.40798     980.34   32.36239
    61.45809    1029.79   33.34180
    61.49752    1244.77   39.15217
    61.54756    1479.18   43.12380
    61.59764    1744.73   46.42639
    61.64769    2216.65   53.33034
    61.69763    2600.44   57.87204
    61.74752    3095.31   63.24071
    61.79756    3495.70   67.52360
    61.84755    4080.25   73.48560
    61.89757    4217.28   75.04248
    61.94763    4267.14   75.72223
    61.99740    4297.51   75.94480
    62.04749    4281.48   75.62313
    62.09757    4057.52   73.13466
    62.14753    3750.21   70.23379
    62.19752    3479.77   67.31184
    62.24743    3135.54   64.01919
    62.29753    2621.19   58.59631
    62.34756    2317.72   54.00480
    62.39750    1868.05   48.65711
    62.44753    1607.30   44.52490
    62.49755    1274.63   40.03910
    62.54753    1130.83   38.39344
    62.59747     964.62   34.53874
    62.64747     942.33   34.26192
    62.69759     728.21   29.91163
    62.73942     850.61   31.28301
    62.78946     791.24   30.25283
    62.83953     708.38   28.31413
    62.88958     722.65   29.19034
    62.93952     750.02   29.98661
    62.98941     685.54   28.53048
    63.03945     702.67   28.60456
    63.08945     618.22   26.05699
    63.13946     643.18   27.04750
    63.18952     665.14   28.55050
    63.23929     620.92   26.32641
    63.28939     596.51   26.08119
    63.33946     625.62   26.80424
    63.38942     653.51   27.06782
    63.43941     697.40   27.88299
    63.48932     685.88   28.33948
    63.53942     679.03   27.99923
    63.58945     672.25   27.93328
    63.63939     610.34   26.80709
    63.68942     636.64   26.90789
    63.73944     622.34   26.42280
    63.78943     595.92   26.30357
    63.83937     623.31   26.42445
    63.88936     700.90   28.28516
    63.93948     629.88   26.48815
    63.97916     648.81   25.47625
    64.02920     642.49   25.64183
    64.07927     686.98   26.21794
    64.12932     621.35   24.94243
    64.17926     661.93   25.75213
    64.22915     600.87   24.60813
    64.27919     625.34   25.12870
    64.32919     643.80   25.53638
    64.37921     645.28   25.43418
    64.42927     680.06   26.27117
    64.47904     699.19   26.68274
    64.52913     615.14   24.99697
    64.57920     694.31   26.29915
    64.62917     692.25   26.52620
    64.67915     654.61   25.74595
    64.72906     648.29   25.50031
    64.77917     633.23   25.24015
    64.82919     664.39   25.78538
    64.87914     655.11   25.57800
    64.92917     654.66   25.58607
    64.97918     641.09   25.32126
    65.02917     598.59   24.70317
    65.07911     603.75   24.48507
    65.12911     639.90   25.28386
    65.17922     640.91   25.44712
    65.22455     594.41   24.70657
    65.27459     662.89   25.99368
    65.32467     601.41   25.08382
    65.37472     661.94   26.02637
    65.42466     603.66   24.64045
    65.47455     626.97   25.55149
    65.52459     576.30   24.37626
    65.57458     634.24   25.30033
    65.62460     616.76   25.05562
    65.67466     619.47   24.93114
    65.72443     608.25   25.07074
    65.77452     599.93   24.67390
    65.82460     615.79   24.91342
    65.87456     575.40   24.28791
    65.92455     596.60   24.80757
    65.97446     683.18   26.45220
    66.02456     612.89   25.09412
    66.07459     641.33   25.65186
    66.12453     570.92   24.26279
    66.17456     608.49   25.10566
    66.22458     677.85   26.57959
    66.27456     658.08   26.00281
    66.32450     636.88   25.42382
    66.37450     611.67   24.97681
    66.42462     607.00   24.89615
    66.48245     583.78   23.31500
    66.53249     619.47   24.07958
    66.58256     620.97   24.11560
    66.63261     634.01   24.41242
    66.68255     646.62   24.58902
    66.73244     643.73   24.53156
    66.78248     655.91   24.76050
    66.83248     626.42   24.24798
    66.88249     623.08   24.12801
    66.93255     655.70   24.82072
    66.98232     609.80   23.96222
    67.03242     655.27   24.77780
    67.08249     633.87   24.29677
    67.13245     676.11   25.17044
    67.18244     660.33   24.86428
    67.23235     734.88   26.29012
    67.28245     708.73   25.81083
    67.33248     704.74   25.67368
    67.38242     726.43   26.12876
    67.43245     769.11   26.89247
    67.48247     795.30   27.37398
    67.53246     829.45   28.06686
    67.58240     882.68   28.86086
    67.63239     977.98   30.54094
    67.68251    1117.34   32.78517
    67.74589    1502.30   39.26053
    67.79593    1812.30   43.45647
    67.84600    2215.63   48.36354
    67.89605    2977.87   56.55473
    67.94599    3754.70   64.49091
    67.99588    4530.15   71.64852
    68.04592    5350.21   78.76331
    68.09592    5824.44   82.73372
    68.14594    6541.66   88.56277
    68.19600    6898.74   91.57703
    68.24577    7591.27   97.29528
    68.29586    8228.60  102.16791
    68.34593    8621.80  105.06338
    68.39590    8998.85  107.98339
    68.44588    8792.00  106.30843
    68.49579    8397.46  103.65178
    68.54590    7825.87   98.93686
    68.59592    7384.86   95.46268
    68.64587    6790.65   90.61054
    68.69590    5930.89   83.59421
    68.74591    5365.66   78.68247
    68.79590    4701.67   72.85622
    68.84584    3708.17   63.60604
    68.89584    2977.01   56.35725
    68.94595    2366.42   49.57662
    69.01388    1798.79   42.82889
    69.06392    1459.19   38.37848
    69.11400    1310.14   36.22752
    69.16405    1068.21   32.53248
    69.21399     953.21   30.65286
    69.26388     818.68   28.35223
    69.31392     798.73   27.97520
    69.36391     745.16   26.95417
    69.41393     700.83   26.04229
    69.46399     678.17   25.63892
    69.51376     652.84   25.18998
    69.56385     671.25   25.51090
    69.61393     639.13   24.88863
    69.66389     652.38   25.19517
    69.71388     649.70   25.09352
    69.76379     628.65   24.73877
    69.81389     673.49   25.58511
    69.86392     582.81   23.99893
    69.91386     657.54   25.31499
    69.96389     687.26   25.81867
    70.01391     635.09   24.82603
    70.06389     627.90   24.68799
    70.11383     598.54   24.04060
    70.16383     624.26   24.58523
    70.21395     582.00   23.71478
    70.24768     613.37   23.69740
    70.29772     603.19   23.54475
    70.34779     625.69   23.94036
    70.39784     688.68   25.15125
    70.44778     589.62   23.22411
    70.49767     678.08   24.98314
    70.54771     665.52   24.69399
    70.59771     632.84   24.10260
    70.64772     628.68   23.97500
    70.69778     638.39   24.22477
    70.74756     641.23   24.31364
    70.79765     583.43   23.10332
    70.84772     619.27   23.85500
    70.89768     608.25   23.59968
    70.94767     593.22   23.36547
    70.99758     621.24   23.89816
    71.04768     601.52   23.56416
    71.09771     670.07   24.74621
    71.14765     602.52   23.57122
    71.19768     661.65   24.66703
    71.24770     658.10   24.58005
    71.29769     670.37   24.87922
    71.34763     686.60   25.12376
    71.39762     682.50   25.07434
    71.44774     740.34   26.20541
    71.47847     747.05   26.87389
    71.52851     778.52   27.59675
    71.57858     811.06   28.08540
    71.62863     992.52   31.41437
    71.67857    1160.66   34.14546
    71.72846    1483.42   39.04794
    71.77850    1789.35   43.23982
    71.82850    2470.73   51.00764
    71.87852    3172.78   58.30291
    71.92858    3946.82   65.64173
    71.97835    4582.54   71.37947
    72.02844    4794.23   72.94824
    72.07851    5064.14   75.47250
    72.12848    5109.78   75.67324
    72.17846    5050.60   75.14642
    72.22837    4873.73   73.55720
    72.27848    4546.32   70.70572
    72.32850    4156.44   67.09132
    72.37845    3668.32   62.43501
    72.42848    3097.80   56.93538
    72.47849    2475.51   50.31246
    72.52848    2051.01   45.55707
    72.57842    1780.75   42.25420
    72.62842    1441.02   37.98550
    72.67853    1176.66   34.04130
    72.74446     969.51   30.84895
    72.79450     813.43   28.13804
    72.84458     768.53   27.05643
    72.89463     697.60   25.78994
    72.94457     644.88   24.77117
    72.99446     638.89   24.67971
    73.04450     581.86   23.47015
    73.09449     684.91   25.53823
    73.14451     636.75   24.49696
    73.19457     639.58   24.57757
    73.24434     622.85   24.30796
    73.29444     566.59   23.10131
    73.34451     633.97   24.50185
    73.39447     619.34   24.20614
    73.44446     585.21   23.58705
    73.49437     572.09   23.34062
    73.54447     543.20   22.68245
    73.59450     634.85   24.58885
    73.64444     627.30   24.39793
    73.69447     577.53   23.33672
    73.74449     603.00   23.96686
    73.79447     568.19   23.18330
    73.84441     596.48   23.81814
    73.89441     577.97   23.35669
    73.94453     654.60   24.98409
    73.98406     626.52   24.05340
    74.03410     616.93   23.84275
    74.08417     589.30   23.35490
    74.13422     573.78   23.00194
    74.18416     626.11   24.06641
    74.23405     644.80   24.39296
    74.28409     659.90   24.69796
    74.33409     646.46   24.47400
    74.38410     583.05   23.13774
    74.43416     605.53   23.66735
    74.48394     634.93   24.18810
    74.53403     630.58   24.21068
    74.58410     583.44   23.17431
    74.63406     604.85   23.60048
    74.68405     605.07   23.59788
    74.73396     617.51   24.01089
    74.78406     641.47   24.33839
    74.83409     653.33   24.67185
    74.88403     612.50   23.77726
    74.93406     622.30   23.94191
    74.98408     645.01   24.40332
    75.03407     594.03   23.37740
    75.08401     631.08   24.14608
    75.13400     625.61   24.04155
    75.18412     576.74   23.09697
    75.22020     584.58   23.32559
    75.27024     549.05   22.56009
    75.32031     624.72   24.09748
    75.37036     593.25   23.46257
    75.42030     606.91   23.74893
    75.47019     566.83   22.94426
    75.52023     628.95   24.27217
    75.57023     592.14   23.52489
    75.62025     563.70   22.87791
    75.67031     548.22   22.50332
    75.72008     503.78   21.62324
    75.77017     599.23   23.65101
    75.82024     574.34   23.14587
    75.87021     574.83   23.13919
    75.92019     584.69   23.29165
    75.97010     566.76   22.98331
    76.02021     573.51   23.09753
    76.07023     589.58   23.34553
    76.12018     607.76   23.81054
    76.17021     555.10   22.70758
    76.22022     597.42   23.53319
    76.27021     617.77   23.95559
    76.32015     516.28   21.79218
    76.37015     557.19   22.76256
    76.42026     600.08   23.64175
    76.46980     603.30   24.03589
    76.51984     606.32   24.04293
    76.56991     615.53   24.27761
    76.61996     596.51   23.90652
    76.66990     598.60   23.96080
    76.71979     574.75   23.47198
    76.76983     597.76   23.82594
    76.81982     634.79   24.58754
    76.86984     570.44   23.37277
    76.91990     582.65   23.48440
    76.96967     583.31   23.51629
    77.01977     575.86   23.39124
    77.06984     639.52   24.65373
    77.11980     605.45   24.00732
    77.16979     601.83   23.94005
    77.21970     525.45   22.56266
    77.26980     538.50   22.67749
    77.31983     582.66   23.52969
    77.36977     603.54   24.05672
    77.41980     617.16   24.33549
    77.46982     573.89   23.74295
    77.51980     565.49   23.14681
    77.56975     599.08   23.93337
    77.61974     559.46   23.14597
    77.66986     556.25   22.94559
    77.72884     586.44   23.35867
    77.77888     555.22   22.74558
    77.82895     583.11   23.30601
    77.87900     591.00   23.72893
    77.92894     600.36   23.72820
    77.97883     656.66   24.81523
    78.02887     588.90   23.42569
    78.07887     529.68   22.34779
    78.12888     610.53   23.88531
    78.17894     547.83   22.59328
    78.22872     556.92   23.09045
    78.27881     553.72   22.78929
    78.32888     584.33   23.25360
    78.37884     592.22   23.52853
    78.42883     568.48   23.01106
    78.47874     626.45   24.33592
    78.52884     595.81   23.58116
    78.57887     635.48   24.42753
    78.62881     600.92   23.69585
    78.67884     569.23   23.18943
    78.72886     625.59   24.31830
    78.77885     650.68   24.74863
    78.82879     616.46   23.98833
    78.87878     608.57   23.89424
    78.92890     648.09   24.58956
    78.98078     621.67   23.62843
    79.03082     599.47   23.31818
    79.08089     619.48   23.62313
    79.13094     617.60   23.62989
    79.18088     565.67   22.55616
    79.23077     591.52   23.05352
    79.28081     552.87   22.38473
    79.33081     614.91   23.52001
    79.38083     628.94   23.81769
    79.43089     607.95   23.33417
    79.48066     586.22   22.93030
    79.53075     544.64   22.09338
    79.58082     563.52   22.54610
    79.63079     565.83   22.52188
    79.68077     572.49   22.65006
    79.73068     563.71   22.49600
    79.78079     581.32   22.92281
    79.83081     616.96   23.63961
    79.88076     553.83   22.25589
    79.93079     551.46   22.41441
    79.98080     609.17   23.45283
    80.03079     592.97   23.06742
    80.08073     566.76   22.47892
    80.13073     605.36   23.33002
    80.18084     618.20   23.57403
    80.22018     586.44   24.06237
    80.27022     591.16   24.31465
    80.32029     605.01   24.42000
    80.37034     595.93   24.21852
    80.42028     547.18   23.26223
    80.47017     542.94   23.16109
    80.52021     573.89   23.76543
    80.57020     565.03   23.58204
    80.62022     613.29   24.55756
    80.67028     601.48   24.39217
    80.72005     601.80   24.33011
    80.77015     578.53   23.87917
    80.82022     600.26   24.28493
    80.87018     630.63   24.95141
    80.92017     645.48   25.27754
    80.97008     639.94   25.13082
    81.02018     686.04   26.02517
    81.07021     653.62   25.40648
    81.12015     735.91   26.98853
    81.17018     856.49   29.18261
    81.22020     951.21   30.82803
    81.27018    1086.11   33.04983
    81.32013    1343.87   36.84850
    81.37012    1518.63   39.34449
    81.42024    1778.75   42.72351
    81.46667    1822.28   42.82611
    81.51671    1906.40   44.07041
    81.56678    1854.45   43.31181
    81.61683    1857.00   43.30060
    81.66677    1828.36   43.09429
    81.71666    1642.44   40.52247
    81.76670    1601.30   39.97594
    81.81670    1378.63   37.01629
    81.86671    1227.18   34.75664
    81.91677    1071.68   32.40858
    81.96655     950.34   30.48460
    82.01664     882.82   29.29939
    82.06671     800.78   27.89848
    82.11667     801.43   28.07323
    82.16666     748.54   26.92024
    82.21657     692.14   25.88745
    82.26667     647.20   24.99880
    82.31670     704.97   26.10697
    82.36664     706.43   26.29454
    82.41667     665.13   25.32324
    82.46669     639.66   24.81386
    82.51668     634.20   24.97250
    82.56662     678.78   25.56394
    82.61661     695.31   25.89773
    82.66673     644.17   24.90394
    82.71931     621.38   23.66362
    82.76935     602.63   23.37667
    82.81942     615.61   23.60911
    82.86947     645.48   24.13578
    82.91942     590.00   23.14884
    82.96930     557.53   22.42612
    83.01934     522.52   21.70298
    83.06934     587.34   22.99904
    83.11936     581.87   22.86834
    83.16942     590.44   23.01327
    83.21919     534.90   21.97188
    83.26928     549.80   22.19668
    83.31935     547.34   22.16127
    83.36932     562.83   22.49119
    83.41930     538.09   22.20305
    83.46921     600.37   23.29189
    83.51932     555.30   22.46578
    83.56935     531.33   21.82495
    83.61929     538.18   22.04412
    83.66932     564.76   22.54972
    83.71933     580.27   22.85798
    83.76932     551.85   22.28011
    83.81926     571.83   22.75715
    83.86926     580.48   22.87175
    83.91937     585.17   22.91532
    83.98031     598.46   23.91778
    84.03035     527.09   22.56478
    84.08042     579.33   23.54433
    84.13047     556.01   23.08460
    84.18041     591.60   23.87449
    84.23030     578.14   23.59653
    84.28034     581.55   23.75398
    84.33033     618.66   24.45242
    84.38035     573.10   23.31977
    84.43041     560.80   23.11985
    84.48018     546.40   22.88937
    84.53028     570.61   23.37688
    84.58035     505.80   21.98744
    84.63031     575.41   23.55824
    84.68030     535.37   22.59296
    84.73021     578.92   23.58176
    84.78031     555.92   23.26600
    84.83034     563.90   23.18554
    84.88028     617.32   24.30717
    84.93031     546.62   22.95745
    84.98033     535.82   22.64452
    85.03031     565.69   23.28495
    85.08026     582.43   23.64697
    85.13025     569.84   23.35408
    85.18037     550.26   22.86962
    85.22220     570.33   24.30349
    85.27224     575.25   24.45542
    85.32231     615.60   25.28121
    85.37236     544.15   23.74800
    85.42230     565.81   24.34217
    85.47219     587.06   24.98990
    85.52223     573.77   24.43945
    85.57223     592.29   24.81060
    85.62224     569.32   24.30943
    85.67230     560.45   24.04480
    85.72208     568.42   24.36206
    85.77217     592.76   24.84076
    85.82224     673.78   26.57130
    85.87220     603.69   25.13216
    85.92219     612.01   25.34798
    85.97210     637.83   25.78618
    86.02220     688.54   26.84108
    86.07223     771.24   28.38944
    86.12217     738.37   27.79981
    86.17220     809.76   29.10299
    86.22222     960.30   31.85190
    86.27221    1122.88   34.49724
    86.32215    1306.75   37.31412
    86.37214    1464.21   39.66375
    86.42226    1633.29   42.00859
    86.45384    1636.35   43.44147
    86.50388    1729.01   44.87730
    86.55395    1793.06   45.58805
    86.60400    1786.55   45.64842
    86.65395    1779.36   45.42782
    86.70383    1645.93   43.63753
    86.75387    1633.50   43.47110
    86.80387    1705.40   44.43346
    86.85389    1846.40   46.25973
    86.90395    2119.67   49.77228
    86.95372    2673.02   56.57400
    87.00381    3339.25   63.95716
    87.05388    3580.21   66.39878
    87.10385    4014.97   70.86048
    87.15383    4355.86   74.43708
    87.20374    4431.53   75.58386
    87.25385    4465.00   75.77628
    87.30388    4123.96   72.36304
    87.35382    3719.99   68.29904
    87.40385    3444.36   65.11881
    87.45386    2886.60   58.98092
    87.50385    2530.23   55.13468
    87.55379    1985.24   48.10519
    87.60379    1629.95   43.34069
    87.65390    1369.83   39.67752
    87.70674    1209.09   36.03939
    87.75678    1106.12   34.63966
    87.80685     976.71   32.55408
    87.85690     901.12   30.86090
    87.90684     851.04   30.50822
    87.95673     795.38   29.34901
    88.00677     729.96   27.84394
    88.05676     742.03   28.03841
    88.10678     666.36   26.32899
    88.15684     674.80   26.74780
    88.20661     653.01   26.29685
    88.25671     659.41   26.27343
    88.30678     667.31   26.54366
    88.35674     614.86   25.31922
    88.40673     624.94   25.52073
    88.45664     636.93   25.82478
    88.50674     640.37   25.81414
    88.55677     655.09   26.26193
    88.60671     642.34   26.11776
    88.65674     613.93   25.36980
    88.70676     608.31   25.30982
    88.75674     677.98   26.77002
    88.80669     704.21   27.19115
    88.85668     656.79   26.29427
    88.90680     609.30   25.26420
    88.98368     659.24   25.32638
    89.03372     647.60   25.11734
    89.08379     631.25   24.78067
    89.13384     664.02   25.41251
    89.18378     729.71   26.70201
    89.23367     701.19   26.21734
    89.28371     694.18   26.10703
    89.33371     709.45   26.31999
    89.38373     722.52   26.51216
    89.43379     784.94   27.65627
    89.48356     835.64   28.56229
    89.53365     874.23   29.27225
    89.58372    1017.34   31.71673
    89.63368    1077.68   32.55741
    89.68367    1253.63   35.37588
    89.73358    1464.45   38.52270
    89.78368    1796.29   42.78052
    89.83371    2189.33   48.03373
    89.88365    2834.14   54.76571
    89.93368    3479.05   61.25411
    89.98370    3785.44   64.36043
    90.03369    4051.83   66.78484
    90.08363    4192.44   68.08420
    90.13362    4059.07   66.95803
    90.18374    3967.67   66.06508
    90.23542    3538.94   64.74458
    90.28546    3184.76   61.05837
    90.33553    2864.18   57.47221
    90.38558    2609.79   54.58943
    90.43553    2400.38   52.14707
    90.48541    2179.34   49.57543
    90.53545    1999.70   47.28218
    90.58545    1789.58   44.53396
    90.63547    1633.71   42.36560
    90.68553    1548.11   41.18535
    90.73530    1473.42   40.27141
    90.78539    1295.74   37.51250
    90.83546    1206.41   36.22891
    90.88543    1049.33   33.62087
    90.93541     910.81   31.22629
    90.98532     886.70   30.88066
    91.03543     843.05   30.03472
    91.08546     807.32   29.33390
    91.13540     721.37   27.70953
    91.18543     686.91   27.08792
    91.23544     601.76   25.19178
    91.28543     652.04   26.25790
    91.33537     596.54   25.05539
    91.38537     619.27   25.78653
    91.43548     645.48   26.17800
    91.48157     569.15   25.57681
    91.53161     574.76   25.83417
    91.58168     558.87   25.41756
    91.63173     555.22   25.33778
    91.68167     605.28   26.50356
    91.73156     614.26   26.68042
    91.78160     540.75   25.06310
    91.83159     534.80   24.91178
    91.88161     556.86   25.33514
    91.93167     504.01   24.24224
    91.98144     602.46   26.44967
    92.03154     580.81   25.91825
    92.08161     593.44   26.19823
    92.13157     555.87   25.31433
    92.18156     608.06   26.52664
    92.23147     550.36   25.23857
    92.28157     571.57   25.72534
    92.33160     563.91   25.52311
    92.38154     533.28   24.80018
    92.43157     561.15   25.44976
    92.48159     590.72   26.17539
    92.53157     534.77   24.80653
    92.58152     609.87   26.63628
    92.63151     591.29   26.18367
    92.68163     571.07   25.69996
    92.72011     535.34   24.40360
    92.77015     588.25   25.78649
    92.82022     558.83   24.96919
    92.87027     563.03   25.22054
    92.92021     604.16   26.17406
    92.97010     586.16   25.72938
    93.02014     590.34   25.90861
    93.07014     590.05   25.70985
    93.12016     578.37   25.44466
    93.17022     576.83   25.40120
    93.21999     575.28   25.33841
    93.27008     554.05   24.91278
    93.32015     546.78   24.76499
    93.37011     550.51   24.81578
    93.42010     550.30   24.79030
    93.47001     544.43   24.66547
    93.52011     572.97   25.33574
    93.57014     573.32   25.38097
    93.62009     575.99   25.37416
    93.67011     593.27   25.80104
    93.72013     554.36   24.87566
    93.77012     562.15   25.04810
    93.82006     541.01   24.55182
    93.87006     590.46   25.69820
    93.92017     568.63   25.15896
    93.95970     561.22   24.06079
    94.00974     561.66   24.08889
    94.05981     573.25   24.34465
    94.10986     570.94   24.23770
    94.15981     582.64   24.56025
    94.20969     593.13   24.75555
    94.25973     580.81   24.49839
    94.30973     594.03   24.74467
    94.35975     587.88   24.59665
    94.40981     575.64   24.35712
    94.45958     545.74   23.70708
    94.50967     557.00   23.97247
    94.55974     626.29   25.40533
    94.60971     598.99   24.94967
    94.65969     573.74   24.30459
    94.70960     545.25   23.74746
    94.75971     546.55   23.79102
    94.80974     555.00   23.97851
    94.85968     575.35   24.36920
    94.90971     585.18   24.63572
    94.95972     595.64   24.79939
    95.00971     531.57   23.39388
    95.05965     582.89   24.45919
    95.10965     544.99   23.70301
    95.15976     593.71   24.83537
    95.21825     551.38   24.20560
    95.26829     597.70   25.24568
    95.31836     590.90   25.04362
    95.36841     598.67   25.27828
    95.41835     602.59   25.34805
    95.46824     593.65   25.16809
    95.51828     604.81   25.40189
    95.56827     604.04   25.40012
    95.61829     571.87   24.69235
    95.66835     619.73   25.65440
    95.71812     603.69   25.36120
    95.76822     663.40   26.61635
    95.81829     587.54   24.97605
    95.86825     631.28   25.91276
    95.91824     597.06   25.17135
    95.96815     583.87   24.90943
    96.01825     598.08   25.19228
    96.06828     592.32   25.10907
    96.11822     630.33   25.89297
    96.16825     626.93   25.95013
    96.21827     578.43   24.76408
    96.26825     595.99   25.21189
    96.31820     626.84   25.79931
    96.36819     629.17   25.88258
    96.41831     590.20   25.02093
    96.45494     600.40   24.86782
    96.50498     613.12   24.95149
    96.55505     614.78   24.92862
    96.60510     609.13   24.79343
    96.65504     610.88   24.78261
    96.70493     582.73   24.19872
    96.75497     619.15   24.88076
    96.80497     574.95   24.02608
    96.85499     588.13   24.26013
    96.90505     598.81   24.53935
    96.95482     593.25   24.42940
    97.00491     624.98   25.04768
    97.05498     603.63   24.76097
    97.10494     609.06   24.72894
    97.15493     581.11   24.11306
    97.20484     602.50   24.71812
    97.25494     602.01   24.64282
    97.30497     585.40   24.20857
    97.35492     606.85   24.61920
    97.40494     602.15   24.68009
    97.45496     572.21   24.14243
    97.50495     616.02   24.97518
    97.55489     644.37   25.46132
    97.60489     594.06   24.43937
    97.65500     605.13   24.69517
    97.71493     628.30   24.41178
    97.76497     627.89   24.43649
    97.81504     612.80   24.09934
    97.86509     629.86   24.45245
    97.91504     606.33   24.00311
    97.96492     579.68   23.46940
    98.01496     589.90   23.68108
    98.06496     597.07   23.83915
    98.11498     552.78   22.86406
    98.16504     594.51   23.78351
    98.21481     578.95   23.45950
    98.26490     607.60   24.04820
    98.31497     609.29   24.12302
    98.36494     592.67   23.71302
    98.41492     663.41   25.07901
    98.46483     610.66   24.12402
    98.51494     636.12   24.61718
    98.56497     635.85   24.57399
    98.61491     591.13   23.69815
    98.66494     640.72   24.64574
    98.71495     710.93   26.05990
    98.76494     694.08   25.69193
    98.81488     654.47   24.94360
    98.86488     716.73   26.15952
    98.91499     734.91   26.44977
    98.98383     767.54   27.33769
    99.03387     772.40   27.49347
    99.08394     878.26   29.42566
    99.13399    1043.63   32.10412
    99.18393    1127.60   33.41511
    99.23382    1331.56   36.44815
    99.28386    1686.30   41.37928
    99.33385    1951.91   44.66266
    99.38387    2357.33   49.36499
    99.43393    2883.60   55.08543
    99.48370    3263.28   59.08995
    99.53380    3635.55   62.80629
    99.58387    3667.57   63.13387
    99.63383    3692.08   63.29752
    99.68382    3525.83   61.64900
    99.73373    3306.79   59.56369
    99.78383    2973.82   56.15240
    99.83386    2490.13   50.90561
    99.88380    2143.42   47.02477
    99.93383    1884.68   43.87398
    99.98385    1483.49   38.62990
   100.03383    1355.92   36.91159
   100.08378    1115.50   33.21232
   100.13377     976.68   31.08558
   100.18389     922.84   30.11732
   100.23047     834.16   28.97155
   100.28051     802.54   28.45949
   100.33058     769.25   27.74487
   100.38063     721.12   26.78724
   100.43057     658.69   25.62472
   100.48046     631.78   25.03913
   100.53050     663.00   25.70536
   100.58050     597.61   24.36360
   100.63052     663.78   25.59147
   100.68058     611.10   24.63144
   100.73035     655.63   25.59123
   100.78044     602.48   24.50254
   100.83051     600.62   24.41149
   100.88047     620.12   24.91617
   100.93046     557.93   23.58420
   100.98037     633.40   25.10191
   101.03047     612.43   24.74352
   101.08050     612.87   24.63456
   101.13045     594.29   24.33472
   101.18047     621.50   24.89491
   101.23049     621.49   24.95439
   101.28048     630.05   25.01445
   101.33042     623.77   24.85302
   101.38042     603.86   24.57080
   101.43053     619.41   24.77003
   101.47521     577.18   23.82306
   101.52525     601.84   24.35146
   101.57532     622.00   24.68801
   101.62537     590.75   24.20460
   101.67532     599.55   24.28552
   101.72521     595.05   24.30447
   101.77525     598.41   24.34404
   101.82524     577.43   23.82935
   101.87526     579.91   23.84175
   101.92532     554.50   23.50940
   101.97509     594.63   24.19499
   102.02518     639.88   25.00120
   102.07525     604.47   24.25706
   102.12522     562.53   23.42742
   102.17520     601.08   24.30184
   102.22511     601.52   24.38183
   102.27522     663.98   25.52722
   102.32525     591.42   24.05969
   102.37519     605.05   24.21855
   102.42522     606.89   24.42594
   102.47524     622.81   24.61786
   102.52522     609.62   24.39674
   102.57516     556.66   23.20224
   102.62516     593.64   24.07201
   102.67527     573.65   23.64204
   102.72041     580.31   24.40261
   102.77045     609.79   25.27908
   102.82052     618.96   25.24392
   102.87057     576.21   24.54428
   102.92051     568.29   24.04262
   102.97040     585.90   24.64019
   103.02044     604.31   25.03508
   103.07043     575.77   24.39373
   103.12045     603.14   24.86817
   103.17051     561.94   24.02639
   103.22028     625.93   25.72408
   103.27038     565.38   24.06260
   103.32045     557.23   24.06824
   103.37041     607.40   24.90851
   103.42040     590.75   24.64999
   103.47031     557.71   23.91218
   103.52041     627.95   25.48671
   103.57044     587.56   24.48606
   103.62038     564.52   24.13025
   103.67041     585.08   24.72770
   103.72043     568.00   24.22143
   103.77041     593.26   24.90583
   103.82036     572.98   24.19080
   103.87035     628.63   25.37892
   103.92047     607.24   25.04281
   103.96695     534.65   23.54901
   104.01699     612.10   25.29424
   104.06706     618.96   25.42298
   104.11711     560.67   24.03592
   104.16705     549.89   23.83258
   104.21694     610.85   25.17141
   104.26698     584.70   24.53533
   104.31698     583.90   24.69142
   104.36700     612.71   25.14535
   104.41706     608.59   25.07376
   104.46683     574.74   24.45631
   104.51692     620.61   25.26004
   104.56699     652.74   26.03906
   104.61695     654.37   26.04392
   104.66694     676.47   26.40822
   104.71685     635.77   25.64806
   104.76695     707.00   27.09651
   104.81698     751.69   27.97499
   104.86693     802.89   28.96481
   104.91695     892.27   30.60493
   104.96697    1021.55   32.76279
   105.01696    1226.74   36.15810
   105.06690    1359.54   37.94060
   105.11690    1765.95   43.76030
   105.16701    2085.42   47.82411
   105.20564    2407.72   50.07341
   105.25568    2778.02   54.13519
   105.30575    3062.97   57.10021
   105.35580    3452.84   61.04706
   105.40575    3418.87   60.72814
   105.45564    3263.59   59.15006
   105.50568    3206.53   58.54651
   105.55567    2940.06   55.78758
   105.60569    2625.20   52.34814
   105.65575    2275.31   48.50558
   105.70552    2005.22   45.43143
   105.75561    1797.25   42.75094
   105.80568    1468.42   38.42411
   105.85565    1311.72   36.28813
   105.90563    1068.70   32.58757
   105.95554    1039.46   32.25591
   106.00565     928.73   30.33320
   106.05568     821.34   28.35433
   106.10562     797.71   27.97580
   106.15565     752.03   27.26067
   106.20567     708.52   26.28402
   106.25565     697.69   26.04708
   106.30559     684.31   25.71662
   106.35559     667.53   25.45998
   106.40570     634.61   24.76323
   106.46459     632.07   24.68657
   106.51463     623.20   24.61968
   106.56470     658.79   25.26473
   106.61475     582.63   23.66737
   106.66469     640.78   24.91444
   106.71458     582.13   23.66536
   106.76462     606.87   24.22477
   106.81461     596.78   23.95087
   106.86463     592.38   23.83417
   106.91469     599.85   24.00310
   106.96446     585.58   23.78515
   107.01456     585.44   23.72211
   107.06463     536.18   22.77309
   107.11459     597.37   23.96040
   107.16458     645.51   24.98023
   107.21449     578.49   23.60158
   107.26459     598.30   24.01838
   107.31462     616.02   24.31525
   107.36456     601.37   24.10565
   107.41459     605.60   24.28512
   107.46461     618.70   24.51777
   107.51459     547.84   22.93365
   107.56454     559.63   23.19068
   107.61453     595.62   23.99498
   107.66465     546.61   22.86947
   107.72133     609.16   23.69770
   107.77137     574.72   23.02996
   107.82144     613.37   23.83716
   107.87149     611.21   23.83220
   107.92143     588.70   23.32106
   107.97132     584.76   23.20610
   108.02136     629.03   24.11528
   108.07136     601.71   23.58632
   108.12138     632.04   24.11963
   108.17144     748.08   26.29600
   108.22121     737.75   26.18946
   108.27130     744.72   26.26838
   108.32137     782.58   26.89615
   108.37133     746.82   26.31282
   108.42132     775.65   26.85780
   108.47123     779.94   26.89782
   108.52133     706.03   25.52442
   108.57136     722.04   25.90094
   108.62131     720.06   25.80492
   108.67133     685.01   25.13857
   108.72135     682.46   25.11666
   108.77134     659.10   24.77476
   108.82128     688.18   25.24418
   108.87128     610.98   23.74467
   108.92139     642.66   24.34411
   108.95832     588.57   24.45566
   109.00836     656.05   26.11946
   109.05843     623.48   25.27352
   109.10848     604.05   24.72746
   109.15843     687.42   26.60918
   109.20832     602.87   24.73784
   109.25836     559.95   23.77659
   109.30835     612.19   24.90859
   109.35837     603.92   25.05599
   109.40843     570.06   24.10402
   109.45820     575.45   24.26119
   109.50829     603.80   24.79431
   109.55836     657.78   25.85197
   109.60833     618.33   25.12038
   109.65831     605.88   24.92345
   109.70822     639.03   25.60182
   109.75833     582.64   24.35579
   109.80836     598.88   24.68182
   109.85830     654.34   25.79914
   109.90833     635.78   25.70963
   109.95835     660.32   26.09660
   110.00833     614.83   24.97365
   110.05827     555.24   23.64117
   110.10827     644.20   25.65016
   110.15838     638.55   25.76701
   110.20462     634.43   25.64315
   110.25466     615.08   25.20431
   110.30473     594.44   24.92382
   110.35478     593.61   24.69384
   110.40472     645.89   25.77687
   110.45461     623.98   25.42458
   110.50465     613.73   25.22189
   110.55464     617.29   25.26392
   110.60466     626.96   25.32992
   110.65472     594.11   24.80236
   110.70449     690.40   26.79561
   110.75459     600.67   24.88340
   110.80466     577.74   24.43822
   110.85462     660.12   26.10816
   110.90461     643.66   25.80558
   110.95452     622.07   25.38280
   111.00462     630.89   25.54047
   111.05465     596.59   24.79181
   111.10459     566.59   24.15889
   111.15462     646.26   25.83762
   111.20464     643.87   25.81488
   111.25462     611.91   25.03812
   111.30457     616.58   25.20281
   111.35456     598.10   24.76230
   111.40468     601.92   24.92680
   111.47006     618.71   25.34785
   111.52010     610.66   25.37286
   111.57017     621.23   25.44696
   111.62022     619.45   25.49808
   111.67016     631.39   25.65241
   111.72005     615.73   25.27061
   111.77009     614.78   25.23849
   111.82009     596.77   24.83327
   111.87011     566.76   24.10543
   111.92017     590.23   24.84990
   111.96994     609.57   25.25215
   112.02003     623.55   25.48310
   112.07010     584.15   24.63510
   112.12007     572.22   24.25779
   112.17005     632.65   25.64203
   112.21996     579.32   24.46044
   112.27006     601.44   25.02076
   112.32009     621.85   25.53854
   112.37004     614.49   25.54378
   112.42006     628.55   25.43350
   112.47008     615.52   25.38815
   112.52007     555.20   24.20808
   112.57001     626.16   25.41867
   112.62001     568.51   24.25187
   112.67012     638.31   25.84486
   112.74265     605.76   25.22885
   112.79269     595.37   25.29219
   112.84276     618.75   25.56549
   112.89281     587.19   24.98441
   112.94276     592.10   25.08260
   112.99265     608.50   25.48701
   113.04269     612.25   25.53935
   113.09268     560.07   24.21715
   113.14270     596.60   25.12618
   113.19276     578.63   24.70661
   113.24253     610.62   25.35525
   113.29262     580.70   24.91442
   113.34269     591.47   24.87715
   113.39266     605.56   25.17969
   113.44264     617.03   25.47128
   113.49255     621.23   25.55961
   113.54266     638.05   25.90257
   113.59269     581.52   24.67437
   113.64263     618.36   25.53308
   113.69266     607.67   25.43921
   113.74268     622.78   25.68707
   113.79266     614.21   25.40939
   113.84260     579.00   24.66610
   113.89260     666.79   26.61916
   113.94271     590.14   24.95903
   113.97585     619.06   24.26533
   114.02589     595.92   23.82676
   114.07596     582.79   23.56168
   114.12601     615.87   24.23530
   114.17595     601.63   23.97083
   114.22584     625.05   24.45373
   114.27588     587.87   23.64554
   114.32587     603.78   24.01204
   114.37589     595.08   23.83094
   114.42595     688.31   25.63420
   114.47572     580.89   23.51986
   114.52582     630.08   24.53753
   114.57589     570.45   23.32347
   114.62585     600.65   23.99377
   114.67584     629.63   24.52385
   114.72575     589.74   23.70131
   114.77585     600.13   23.92408
   114.82588     582.35   23.54933
   114.87582     612.83   24.16115
   114.92585     624.36   24.42526
   114.97587     653.44   25.10896
   115.02585     683.66   25.56433
   115.07580     626.77   24.49763
   115.12579     651.70   24.96759
   115.17591     625.09   24.42161
   115.21319     685.43   25.27581
   115.26323     632.33   24.30372
   115.31330     675.32   25.05368
   115.36335     640.88   24.41582
   115.41329     617.42   23.92525
   115.46318     651.24   24.67990
   115.51322     647.13   24.58722
   115.56322     596.59   23.58685
   115.61324     635.34   24.28256
   115.66330     637.98   24.32909
   115.71307     649.79   24.67324
   115.76316     651.03   24.62138
   115.81323     628.70   24.15170
   115.86320     670.47   25.01778
   115.91318     600.82   23.59536
   115.96309     633.34   24.31183
   116.01320     616.79   23.94590
   116.06322     653.61   24.70037
   116.11317     648.11   24.56700
   116.16319     679.34   25.19302
   116.21321     644.15   24.51462
   116.26320     595.55   23.50366
   116.31314     624.56   24.05718
   116.36314     631.05   24.22036
   116.41325     587.10   23.36094
   116.46353     659.62   24.98349
   116.51357     589.14   23.67755
   116.56364     624.29   24.30431
   116.61369     697.54   25.73930
   116.66364     650.67   24.86334
   116.71353     632.75   24.56479
   116.76357     579.34   23.37939
   116.81356     623.36   24.27988
   116.86358     684.51   25.47320
   116.91364     623.16   24.24752
   116.96341     662.42   25.10719
   117.01350     641.94   24.62714
   117.06357     642.07   24.59862
   117.11354     652.89   24.85465
   117.16352     656.27   24.93448
   117.21343     629.12   24.40885
   117.26354     646.06   24.74217
   117.31357     684.16   25.47602
   117.36351     674.37   25.34865
   117.41354     721.58   26.12183
   117.46356     696.24   25.66976
   117.51354     745.71   26.60654
   117.56348     792.43   27.43563
   117.61348     808.90   27.78139
   117.66359     839.41   28.31064
   117.69868     958.92   31.08211
   117.74872    1005.64   31.93666
   117.79879    1182.42   34.68285
   117.84884    1361.60   37.28185
   117.89878    1476.69   38.93310
   117.94867    1647.99   41.25692
   117.99871    1797.23   43.21365
   118.04871    1746.90   42.52082
   118.09872    1801.93   43.23576
   118.14878    1666.16   41.46384
   118.19855    1559.81   40.08860
   118.24865    1380.54   37.65845
   118.29872    1281.26   36.21807
   118.34868    1132.63   33.89910
   118.39867    1059.18   32.82248
   118.44858     906.65   30.29725
   118.49868     866.71   29.58779
   118.54871     828.28   28.86092
   118.59865     800.54   28.32907
   118.64868     760.77   27.58381
   118.69870     782.25   28.01963
   118.74869     839.61   28.98927
   118.79863     829.79   28.76925
   118.84862     816.98   28.65951
   118.89874     867.71   29.51468
   118.94457     894.56   32.94622
   118.99461    1100.83   36.81019
   119.04468    1224.38   38.62790
   119.09473    1453.56   42.12127
   119.14467    1783.37   47.34341
   119.19456    2082.52   51.94031
   119.24460    2396.01   55.39137
   119.29460    2614.84   58.56505
   119.34462    2541.77   57.26719
   119.39468    2693.97   58.72213
   119.44445    2564.73   57.27718
   119.49454    2470.99   56.40885
   119.54461    2112.76   52.32077
   119.59458    1917.28   49.45160
   119.64456    1714.55   46.49075
   119.69447    1594.09   44.48096
   119.74458    1405.23   41.64072
   119.79460    1242.66   39.36594
   119.84455    1111.41   36.94571
   119.89457     995.22   35.37888
   119.94459     910.53   33.66238
   119.99458     882.85   32.99270
   120.04452     825.21   31.75301
   120.09452     783.97   30.93870
   120.14463     811.98   31.42966
   120.19651     745.86   29.48675
   120.24655     720.63   28.69194
   120.29662     723.25   28.83253
   120.34667     713.27   29.16479
   120.39662     700.73   28.46559
   120.44651     718.47   29.40639
   120.49655     680.94   27.98864
   120.54654     765.17   29.92483
   120.59656     651.11   27.29108
   120.64662     724.30   29.47863
   120.69639     737.22   28.88666
   120.74648     656.00   27.11968
   120.79655     621.94   26.95690
   120.84652     664.97   27.43721
   120.89650     697.64   28.03227
   120.94641     701.97   28.23482
   120.99652     686.40   28.13823
   121.04655     691.42   27.74519
   121.09649     656.04   27.34233
   121.14652     671.04   27.89489
   121.19654     662.84   27.41015
   121.24652     656.61   27.37064
   121.29646     614.19   26.13726
   121.34646     705.52   28.35188
   121.39657     660.29   27.38393
   121.44836     622.43   24.33565
   121.49840     661.90   25.05262
   121.54847     652.18   24.83644
   121.59852     684.56   25.42990
   121.64846     666.07   25.13339
   121.69835     693.54   25.77361
   121.74839     671.38   25.23897
   121.79839     652.11   24.83609
   121.84840     649.28   24.76733
   121.89846     674.50   25.29640
   121.94823     686.05   25.46338
   121.99833     690.91   25.62855
   122.04840     630.94   24.39215
   122.09836     676.77   25.34439
   122.14835     693.90   25.71426
   122.19826     631.58   24.47505
   122.24836     691.79   25.59748
   122.29839     676.88   25.43526
   122.34833     634.23   24.50374
   122.39836     686.64   25.49418
   122.44838     599.14   23.78519
   122.49837     678.45   25.30888
   122.54831     699.54   25.74166
   122.59830     682.38   25.46498
   122.64842     648.91   24.74478
   122.70370     592.30   24.25098
   122.75374     618.23   24.89058
   122.80381     667.52   25.78937
   122.85386     665.66   25.80634
   122.90380     674.37   25.95255
   122.95369     611.51   24.68265
   123.00373     658.59   25.61505
   123.05373     680.59   26.05532
   123.10375     605.29   24.47706
   123.15381     627.31   24.98145
   123.20358     654.82   25.55226
   123.25367     671.88   25.90657
   123.30374     654.53   25.59934
   123.35371     645.79   25.35107
   123.40369     647.31   25.42149
   123.45360     622.62   24.91321
   123.50371     696.62   26.37505
   123.55373     708.85   26.55381
   123.60368     666.16   25.76673
   123.65370     650.61   25.48244
   123.70372     704.18   26.56509
   123.75371     669.14   25.86160
   123.80365     691.33   26.20223
   123.85365     672.61   25.88400
   123.90376     680.71   26.05828
   123.94959     676.73   25.69281
   123.99963     664.99   25.52333
   124.04970     676.06   25.68596
   124.09975     721.04   26.56443
   124.14970     733.77   26.83154
   124.19959     711.18   26.44232
   124.24963     801.91   28.09625
   124.29962     703.29   26.23937
   124.34964     769.71   27.45559
   124.39970     755.81   27.18650
   124.44947     779.15   27.66183
   124.49956     865.54   29.19628
   124.54964     919.90   30.10139
   124.59960     976.14   31.08714
   124.64958    1062.08   32.45988
   124.69950    1194.61   34.56014
   124.74960    1313.94   36.25186
   124.79963    1613.69   40.39903
   124.84957    1914.62   44.34177
   124.89960    2193.05   47.62347
   124.94962    2641.40   52.73279
   124.99960    3286.71   59.50300
   125.04954    3860.49   65.06157
   125.09954    4576.44   72.05827
   125.14966    5119.93   76.56644
   125.18649    5347.20   81.08644
   125.23653    5533.01   82.72106
   125.28660    5540.34   82.79101
   125.33665    5399.96   81.34781
   125.38659    5244.87   79.93214
   125.43648    4732.14   75.55802
   125.48652    4318.01   71.70833
   125.53652    3968.69   68.53010
   125.58653    3849.32   67.14447
   125.63659    3653.35   65.69098
   125.68636    3626.77   65.27244
   125.73646    3871.24   67.23721
   125.78653    4406.81   72.41895
   125.83649    4844.71   76.44568
   125.88648    5618.45   83.62693
   125.93639    6082.48   87.42331
   125.98649    6515.67   91.17141
   126.03652    6670.38   92.56681
   126.08646    6611.24   91.93871
   126.13649    6475.25   90.93571
   126.18651    6027.36   87.04090
   126.23650    5391.18   81.44294
   126.28644    4841.10   76.69653
   126.33643    4269.98   71.45230
   126.38655    3611.17   65.06145
   126.43088    3269.72   60.97241
   126.48092    2832.22   56.73662
   126.53099    2476.07   52.33934
   126.58104    2052.77   47.70069
   126.63098    1916.69   45.65071
   126.68087    1577.96   41.18806
   126.73091    1459.18   39.41677
   126.78091    1314.86   37.52668
   126.83093    1241.96   36.27659
   126.88099    1080.65   33.62851
   126.93076    1023.74   32.56157
   126.98085     923.33   31.11495
   127.03092     850.88   29.63186
   127.08089     792.39   28.66735
   127.13087     816.94   29.07615
   127.18078     783.29   28.41841
   127.23089     821.39   29.09408
   127.28091     789.26   28.51650
   127.33086     748.72   27.54864
   127.38088     773.70   28.10512
   127.43090     735.09   27.36248
   127.48089     725.19   27.09168
   127.53083     682.33   26.36365
   127.58083     725.33   27.25481
   127.63094     754.54   27.77519
   127.69602     726.13   27.02556
   127.74606     670.59   26.17250
   127.79614     671.22   25.91025
   127.84619     712.83   26.81691
   127.89613     714.88   26.74693
   127.94602     700.61   26.49034
   127.99606     713.60   26.83054
   128.04605     669.65   25.94408
   128.09607     712.25   26.65571
   128.14613     693.31   26.31150
   128.19590     757.33   27.64482
   128.24599     772.42   27.91171
   128.29607     701.12   26.45619
   128.34603     675.92   26.15280
   128.39602     714.74   26.71287
   128.44593     753.04   27.55045
   128.49603     681.45   26.06692
   128.54606     716.25   26.81267
   128.59600     686.68   26.16017
   128.64603     693.99   26.38645
   128.69605     765.23   27.79665
   128.74603     767.33   27.70278
   128.79597     737.16   27.14196
   128.84597     774.58   27.85132
   128.89609     778.96   27.88974
   128.97297     817.31   30.06004
   129.02301     896.23   31.61139
   129.07308     944.90   32.40636
   129.12313     921.29   32.00184
   129.17307    1099.91   35.11837
   129.22296    1140.20   35.64631
   129.27300    1309.94   38.58326
   129.32300    1495.93   41.16482
   129.37301    1697.58   44.03503
   129.42307    1909.24   46.98070
   129.47284    2126.79   49.80297
   129.52294    2253.22   51.31113
   129.57301    2539.39   54.63197
   129.62297    2765.75   57.34084
   129.67296    2982.05   59.72365
   129.72287    3016.74   60.29716
   129.77297    3012.55   60.13709
   129.82300    2917.68   59.14378
   129.87294    2830.92   58.10806
   129.92297    2687.49   56.58200
   129.97299    2552.69   55.08811
   130.02298    2507.73   54.59010
   130.07292    2449.55   53.82754
   130.12291    2397.94   53.25923
   130.17303    2458.00   53.96495
   130.22271    2339.65   52.13408
   130.27275    2450.83   53.50065
   130.32282    2418.86   52.99610
   130.37287    2397.45   52.83913
   130.42281    2296.32   51.73377
   130.47270    2083.85   49.01465
   130.52274    1938.73   47.20271
   130.57274    1881.80   46.44685
   130.62276    1627.21   42.98365
   130.67282    1522.82   41.48376
   130.72259    1415.00   39.92457
   130.77268    1251.65   37.54545
   130.82275    1239.21   37.30539
   130.87272    1064.13   34.38027
   130.92270    1043.49   34.04905
   130.97261     937.95   32.20988
   131.02272     916.00   31.93514
   131.07274     863.54   30.83324
   131.12269     802.21   29.78117
   131.17272     781.92   29.27361
   131.22273     803.75   29.68022
   131.27272     768.61   29.04128
   131.32266     784.37   29.32232
   131.37266     742.27   28.57557
   131.42277     757.47   28.72332
   131.45470     730.00   27.45624
   131.50474     763.13   28.10834
   131.55482     731.53   27.46297
   131.60487     694.22   26.77864
   131.65481     672.86   26.31042
   131.70470     741.13   27.69123
   131.75474     701.86   26.91666
   131.80473     660.26   26.06297
   131.85475     720.29   27.19617
   131.90481     715.35   27.17909
   131.95458     665.03   26.17675
   132.00467     723.25   27.31691
   132.05475     655.83   25.96190
   132.10471     692.53   26.65803
   132.15470     680.31   26.53272
   132.20461     656.34   26.04492
   132.25471     637.53   25.68797
   132.30474     608.48   25.01511
   132.35468     663.58   26.16217
   132.40471     647.24   25.84663
   132.45473     669.46   26.25247
   132.50471     676.08   26.43348
   132.55465     648.13   25.81385
   132.60465     628.23   25.42170
   132.65477     625.88   25.38742
   132.70245     675.60   26.71087
   132.75249     666.28   26.59130
   132.80256     607.87   25.33685
   132.85261     696.18   27.11866
   132.90255     631.57   25.89238
   132.95244     629.65   25.75262
   133.00248     698.08   27.14517
   133.05248     619.59   25.57973
   133.10249     630.21   25.83504
   133.15255     659.87   26.41731
   133.20232     674.11   26.69947
   133.25242     665.95   26.50949
   133.30249     690.43   27.11282
   133.35245     668.97   26.63718
   133.40244     669.41   26.60923
   133.45235     706.98   27.39578
   133.50245     667.80   26.64439
   133.55248     632.40   25.94733
   133.60242     639.53   25.98884
   133.65245     654.24   26.34259
   133.70247     619.89   25.61759
   133.75246     661.92   26.50734
   133.80240     697.70   27.21167
   133.85239     650.60   26.17306
   133.90251     628.86   25.68971
   133.96944     671.36   26.73476
   134.01948     634.17   25.97097
   134.06955     659.12   26.56113
   134.11960     660.89   26.60111
   134.16954     586.53   24.94992
   134.21943     643.20   26.16593
   134.26947     637.05   26.12078
   134.31947     643.03   26.17285
   134.36949     653.79   26.31394
   134.41955     609.41   25.40083
   134.46932     654.70   26.35569
   134.51941     668.37   26.76018
   134.56948     692.88   27.08878
   134.61945     658.75   26.57644
   134.66943     659.10   26.42304
   134.71934     629.45   25.90371
   134.76945     701.05   27.52839
   134.81947     691.64   27.16210
   134.86942     672.81   26.93088
   134.91945     620.38   25.77645
   134.96946     655.42   26.50451
   135.01945     633.95   25.92053
   135.06939     639.43   26.10780
   135.11939     625.32   25.78314
   135.16950     643.35   26.12702
   135.21748     660.73   25.42228
   135.26752     664.07   25.74319
   135.31760     647.76   25.17844
   135.36765     636.49   24.93925
   135.41759     683.78   25.96965
   135.46748     625.14   24.73240
   135.51752     642.05   25.20944
   135.56751     682.30   26.04480
   135.61753     604.08   24.24196
   135.66759     629.23   24.81822
   135.71736     643.91   25.10781
   135.76745     657.91   25.43999
   135.81753     634.01   24.95804
   135.86749     660.77   25.50677
   135.91748     610.26   24.45597
   135.96739     593.08   24.20302
   136.01749     645.61   25.26252
   136.06752     702.18   26.27686
   136.11746     634.52   24.93139
   136.16749     664.24   25.52051
   136.21751     695.73   26.20451
   136.26749     627.15   24.78744
   136.31743     603.75   24.37155
   136.36743     649.44   25.19170
   136.41755     649.85   25.19139
   136.45288     690.47   26.27691
   136.50292     696.15   26.39302
   136.55299     694.12   26.32241
   136.60304     626.87   24.94352
   136.65298     675.18   26.07982
   136.70287     637.21   25.19676
   136.75291     687.99   26.16975
   136.80291     630.62   25.16257
   136.85292     615.68   24.71609
   136.90298     645.01   25.29167
   136.95275     651.78   25.50532
   137.00285     640.83   25.26031
   137.05292     672.32   25.96354
   137.10288     646.54   25.34900
   137.15287     665.48   25.81481
   137.20278     661.57   25.67903
   137.25288     660.24   25.68639
   137.30291     609.72   24.66824
   137.35285     624.12   24.97094
   137.40288     649.66   25.44979
   137.45290     685.81   26.15481
   137.50289     690.29   26.40619
   137.55283     650.67   25.42343
   137.60282     655.68   25.55596
   137.65294     623.40   24.89676
   137.69067     689.85   26.56350
   137.74071     643.83   25.66923
   137.79078     616.48   25.09935
   137.84083     644.39   25.74630
   137.89077     640.59   25.59073
   137.94066     609.38   24.91787
   137.99070     630.56   25.47169
   138.04070     636.27   25.53297
   138.09072     663.29   26.05720
   138.14078     637.49   25.52324
   138.19055     646.64   25.72683
   138.24064     685.19   26.57857
   138.29071     627.62   25.34757
   138.34068     602.74   24.81563
   138.39066     658.70   26.05015
   138.44057     655.48   25.90783
   138.49068     610.11   25.01633
   138.54070     648.51   25.74116
   138.59065     652.36   25.82503
   138.64068     626.83   25.28099
   138.69069     660.94   25.97370
   138.74068     618.06   25.11625
   138.79062     654.17   25.80664
   138.84062     696.35   26.70461
   138.89073     573.80   24.15758
   138.93731     677.87   27.86945
   138.98735     652.45   27.36216
   139.03743     654.58   27.56230
   139.08748     643.14   26.89543
   139.13742     675.83   27.77567
   139.18731     675.50   27.67450
   139.23735     701.75   28.66400
   139.28734     634.80   26.84441
   139.33736     646.01   26.86540
   139.38742     629.34   26.69209
   139.43719     668.93   27.56685
   139.48728     677.50   27.94792
   139.53736     633.15   26.85362
   139.58732     641.98   26.99669
   139.63731     668.44   27.41918
   139.68722     649.67   27.25014
   139.73732     638.11   26.91864
   139.78735     667.93   27.67497
   139.83729     649.76   27.11971
   139.88732     590.65   25.80402
   139.93734     645.26   27.06507
   139.98732     672.03   27.64206
   140.03726     626.74   26.57200
   140.08726     669.65   27.83716
   140.13738     644.45   27.04308
   140.20926     673.32   27.83447
   140.25930     600.63   26.18102
   140.30937     680.20   28.06514
   140.35942     691.76   28.28380
   140.40936     629.23   27.39014
   140.45925     620.66   26.85791
   140.50929     627.64   26.91529
   140.55929     688.44   28.04336
   140.60930     585.53   25.73351
   140.65936     664.11   27.61489
   140.70914     619.04   26.94973
   140.75923     631.36   26.77742
   140.80930     620.50   26.58424
   140.85926     646.32   27.32224
   140.90925     637.97   27.10376
   140.95916     644.61   27.08952
   141.00926     668.88   27.93997
   141.05929     640.20   27.15075
   141.10923     679.33   27.96257
   141.15926     642.70   27.12205
   141.20928     643.09   27.14800
   141.25927     649.35   27.57667
   141.30921     651.91   27.28278
   141.35920     613.05   26.43019
   141.40932     641.40   26.97550
   141.45840     687.64   26.72938
   141.50844     671.71   26.44796
   141.55851     646.26   25.87286
   141.60856     658.76   26.17110
   141.65850     595.60   24.85836
   141.70839     690.32   26.80223
   141.75843     691.49   26.78508
   141.80843     662.24   26.21305
   141.85845     695.53   26.87806
   141.90851     668.71   26.33587
   141.95828     645.55   25.87306
   142.00837     654.10   26.05684
   142.05844     647.80   25.86381
   142.10841     686.92   26.69831
   142.15839     664.05   26.28487
   142.20830     729.41   27.63162
   142.25841     667.25   26.31096
   142.30843     749.73   27.94782
   142.35838     691.27   26.90171
   142.40841     765.39   28.23116
   142.45842     723.27   27.52188
   142.50841     772.37   28.33078
   142.55835     744.56   27.81897
   142.60835     785.34   28.60177
   142.65846     844.62   29.69083
   142.69419     832.51   29.46260
   142.74423     950.74   31.58372
   142.79431     982.54   32.16907
   142.84436    1100.64   34.08367
   142.89430    1215.86   35.90033
   142.94419    1264.13   36.65482
   142.99423    1461.42   39.59743
   143.04422    1570.06   41.04545
   143.09424    1807.52   44.32365
   143.14430    2078.88   47.67161
   143.19407    2178.30   49.02544
   143.24416    2417.48   51.80784
   143.29424    2646.86   54.38681
   143.34420    2923.80   57.57043
   143.39419    3128.26   59.68561
   143.44410    3261.47   61.13784
   143.49420    3276.81   61.24981
   143.54423    3393.53   62.48774
   143.59417    3431.81   62.82505
   143.64420    3606.13   64.66351
   143.69422    3445.08   62.95791
   143.74420    3428.07   62.84926
   143.79414    3235.49   60.79298
   143.84414    3178.15   60.26944
   143.89426    3031.36   58.74796
   143.94224    2737.69   54.86415
   143.99228    2597.18   53.38130
   144.04235    2362.60   50.74408
   144.09240    2232.95   49.26387
   144.14234    2018.02   46.67897
   144.19223    1919.95   45.49607
   144.24227    1680.13   42.30942
   144.29227    1671.53   42.18771
   144.34228    1466.20   39.38306
   144.39234    1438.11   38.97915
   144.44212    1359.56   37.88769
   144.49221    1262.76   36.39230
   144.54228    1088.60   33.64771
   144.59224    1085.84   33.50623
   144.64223    1065.19   33.21484
   144.69214     965.54   31.57366
   144.74224     941.61   31.18904
   144.79227     884.93   30.23560
   144.84221     886.27   30.18214
   144.89224     833.67   29.23589
   144.94226     806.96   28.73147
   144.99225     762.99   27.91705
   145.04219     765.70   27.87580
   145.09218     784.88   28.28231
   145.14230     718.05   27.01099
   145.20483     760.93   28.12740
   145.25487     747.16   27.95549
   145.30494     719.10   27.38512
   145.35499     699.70   26.97910
   145.40493     716.52   27.40690
   145.45482     699.02   26.99074
   145.50486     687.82   26.71603
   145.55486     730.61   27.69988
   145.60488     694.62   26.83594
   145.65494     674.89   26.45194
   145.70471     684.48   26.65458
   145.75480     732.66   27.61463
   145.80487     715.79   27.36971
   145.85484     750.85   27.99382
   145.90482     690.57   26.79417
   145.95473     678.58   26.54945
   146.00484     694.71   26.86314
   146.05486     659.68   26.22315
   146.10481     739.39   27.74129
   146.15484     684.27   26.64362
   146.20485     659.69   26.14378
   146.25484     710.19   27.21678
   146.30478     677.30   26.63480
   146.35478     736.38   27.75149
   146.40489     702.63   27.09523
   146.45418     751.74   27.58101
   146.50422     685.07   26.47827
   146.55429     687.44   26.36479
   146.60434     729.13   27.25622
   146.65428     697.88   26.77491
   146.70417     663.89   25.90124
   146.75421     701.24   26.67506
   146.80420     669.43   26.13282
   146.85422     696.40   26.63017
   146.90428     689.95   26.44106
   146.95405     677.31   26.15592
   147.00415     688.58   26.39958
   147.05422     730.87   27.21780
   147.10418     708.25   26.79922
   147.15417     728.64   27.15720
   147.20408     689.05   26.39997
   147.25418     696.23   26.75990
   147.30421     700.79   26.59449
   147.35415     726.64   27.08623
   147.40418     721.71   27.09338
   147.45420     665.94   25.96090
   147.50418     675.40   26.24665
   147.55413     659.08   25.78761
   147.60412     712.00   26.92040
   147.65424     689.29   26.46312
   147.69577     682.54   25.95362
   147.74581     699.95   26.43234
   147.79588     649.48   25.29387
   147.84593     715.83   26.59218
   147.89587     744.81   27.18033
   147.94576     741.18   27.11245
   147.99580     669.85   25.70115
   148.04580     692.48   26.18969
   148.09581     696.79   26.19271
   148.14587     683.72   26.00072
   148.19565     705.70   26.46305
   148.24574     654.79   25.43647
   148.29581     667.60   25.63893
   148.34577     719.64   26.62936
   148.39576     681.71   26.08164
   148.44567     675.60   25.82981
   148.49577     640.19   25.16328
   148.54580     719.36   26.68879
   148.59574     648.15   25.34068
   148.64577     657.86   25.44109
   148.69579     650.88   25.30933
   148.74578     692.18   26.15990
   148.79572     665.86   25.65107
   148.84571     679.40   25.90238
   148.89583     684.31   25.95455
   148.94401     653.79   26.72357
   148.99405     646.37   26.74169
   149.04412     666.03   26.95988
   149.09417     680.64   27.22606
   149.14411     635.63   26.32569
   149.19400     662.32   26.86621
   149.24404     658.84   26.82321
   149.29404     627.12   26.10918
   149.34406     609.07   25.66329
   149.39412     637.69   26.31040
   149.44389     672.19   27.10456
   149.49398     651.43   26.66639
   149.54405     660.59   26.83831
   149.59402     642.00   26.45488
   149.64400     625.08   26.11972
   149.69391     701.19   27.68948
   149.74402     629.30   26.22254
   149.79404     616.80   25.92462
   149.84399     657.78   26.92689
   149.89402     622.01   26.21404
   149.94403     633.73   26.26129
   149.99402     670.97   27.02679
   150.04396     615.65   25.84074
   150.09396     654.17   26.66962
   150.14407     680.24   27.26554
   150.18031     658.34   26.61362
   150.23035     701.81   27.67261
   150.28042     679.66   27.16047
   150.33047     644.89   26.34345
   150.38041     627.63   26.06654
   150.43030     626.75   26.01835
   150.48034     642.47   26.33573
   150.53033     656.28   26.61268
   150.58035     652.67   26.49595
   150.63041     714.67   27.74868
   150.68018     673.26   27.35607
   150.73028     761.31   28.68081
   150.78035     668.06   26.90934
   150.83031     698.91   27.58032
   150.88030     737.76   28.15179
   150.93021     682.16   27.09218
   150.98031     733.19   28.16860
   151.03034     779.47   29.05820
   151.08028     776.65   29.01903
   151.13031     720.27   27.90858
   151.18033     826.21   30.05971
   151.23031     824.02   30.06351
   151.28026     877.62   30.90796
   151.33025     857.07   30.55683
   151.38037     897.08   31.25933
   151.43465     993.60   31.88154
   151.48469    1049.70   32.94207
   151.53476    1074.77   33.26524
   151.58481    1193.04   35.06953
   151.63475    1244.24   35.83015
   151.68464    1282.62   36.56776
   151.73468    1359.76   37.55169
   151.78468    1491.00   39.46102
   151.83469    1479.59   39.27837
   151.88475    1641.86   41.60306
   151.93453    1607.33   41.10141
   151.98462    1822.23   43.91023
   152.03469    1879.69   44.54132
   152.08465    1910.70   44.99740
   152.13464    1993.35   46.01309
   152.18455    2034.85   46.51021
   152.23465    2164.60   48.20004
   152.28468    2152.40   47.90411
   152.33462    2227.11   48.85531
   152.38465    2157.48   48.04258
   152.43467    2154.68   48.06233
   152.48466    2146.38   48.00597
   152.53460    2138.54   47.76420
   152.58459    2080.40   47.18008
   152.63471    1971.74   45.72512
   152.69209    2009.63   46.44611
   152.74213    2008.87   46.52303
   152.79220    2013.73   46.59456
   152.84225    1798.67   43.78558
   152.89220    1690.14   42.50106
   152.94208    1666.50   42.15211
   152.99212    1643.07   41.80859
   153.04212    1623.32   41.53683
   153.09214    1480.48   39.54629
   153.14220    1503.53   39.85917
   153.19197    1539.58   40.46069
   153.24206    1516.80   40.03327
   153.29213    1575.80   40.83934
   153.34210    1495.75   39.76981
   153.39208    1459.03   39.21163
   153.44199    1445.22   39.04596
   153.49210    1593.19   41.08916
   153.54213    1685.92   42.33672
   153.59207    1667.14   42.11967
   153.64210    1790.21   43.78111
   153.69211    1964.45   45.97467
   153.74210    2085.03   47.49515
   153.79204    2276.15   49.69857
   153.84204    2442.21   51.78579
   153.89215    2674.77   54.35270
   153.93969    2804.63   56.04950
   153.98973    3123.40   59.54475
   154.03980    3322.85   61.73260
   154.08985    3470.49   63.20224
   154.13979    3651.26   65.02497
   154.18968    4027.97   68.85750
   154.23972    4155.83   70.09196
   154.28971    4393.00   72.25185
   154.33973    4635.97   74.40269
   154.38979    4777.29   75.81616
   154.43956    4948.41   77.49051
   154.48966    5125.53   79.03399
   154.53973    5288.57   80.40475
   154.58969    5492.94   82.29988
   154.63968    5465.22   82.01512
   154.68959    5618.36   83.46938
   154.73969    5626.08   83.43472
   154.78972    5627.08   83.41394
   154.83966    5620.54   83.31684
   154.88969    5831.55   85.30767
   154.93971    5681.51   83.85828
   154.98969    5617.83   83.44545
   155.03964    5571.91   82.89574
   155.08963    5516.95   82.57102
   155.13975    5271.26   80.30660
   155.19198    5337.71   81.06802
   155.24202    5050.02   78.75151
   155.29209    4972.22   77.91228
   155.34214    4801.70   76.38634
   155.39208    4750.40   76.06062
   155.44197    4498.04   73.73649
   155.49201    4403.33   72.70707
   155.54201    4265.78   71.52277
   155.59202    4024.39   69.27420
   155.64208    3892.18   67.83785
   155.69186    3717.71   66.26999
   155.74195    3626.23   65.41770
   155.79202    3345.96   62.53795
   155.84198    3234.85   61.31422
   155.89197    3152.97   60.61443
   155.94188    2853.33   57.48130
   155.99198    2662.23   55.18474
   156.04201    2458.87   52.81301
   156.09195    2326.75   51.12597
   156.14198    2296.73   50.95785
   156.19200    2064.17   48.18643
   156.24199    2039.40   47.86133
   156.29193    1956.91   46.71130
   156.34192    1864.71   45.60016
   156.39204    1719.84   43.64986
   156.44057    1656.10   41.53472
   156.49061    1509.65   39.58096
   156.54068    1483.22   39.25961
   156.59073    1422.55   38.31363
   156.64068    1316.84   36.77212
   156.69056    1230.61   35.53784
   156.74060    1254.44   35.81629
   156.79060    1171.94   34.51711
   156.84062    1169.76   34.44894
   156.89068    1074.33   32.94833
   156.94045    1022.36   32.37213
   156.99054    1002.77   31.81793
   157.04061     964.45   31.17122
   157.09058     926.92   30.51230
   157.14056     957.52   31.03861
   157.19047     878.45   29.69224
   157.24058     888.64   29.95200
   157.29061     819.86   28.61761
   157.34055     892.98   29.89479
   157.39058     811.10   28.44699
   157.44059     800.17   28.22727
   157.49058     823.97   28.67308
   157.54052     776.76   27.81651
   157.59052     821.64   28.66318
   157.64063     823.85   28.65348
   157.67887     772.99   28.77527
   157.72891     774.02   28.97035
   157.77898     765.14   28.67547
   157.82903     724.41   27.93223
   157.87897     766.40   28.73333
   157.92886     717.77   27.95223
   157.97890     688.53   27.29297
   158.02889     758.57   28.33523
   158.07891     702.79   27.24936
   158.12897     742.73   28.00197
   158.17874     689.78   27.09011
   158.22884     679.56   26.87343
   158.27891     709.65   27.44116
   158.32887     784.65   28.93961
   158.37886     693.18   27.21346
   158.42877     730.52   27.75308
   158.47887     705.82   27.47512
   158.52890     741.88   28.19823
   158.57884     689.56   27.29743
   158.62887     647.09   26.35293
   158.67889     670.52   26.87666
   158.72887     721.65   27.81778
   158.77882     640.80   26.00500
   158.82881     692.25   27.08846
   158.87893     645.89   26.12221
   158.93266     679.66   26.93523
   158.98270     708.73   27.58150
   159.03277     726.10   27.97765
   159.08282     646.85   26.32146
   159.13276     692.04   27.22811
   159.18265     701.55   27.40530
   159.23269     641.73   26.19919
   159.28269     676.49   26.88383
   159.33271     729.23   28.05615
   159.38277     689.67   27.21316
   159.43254     681.08   27.19866
   159.48263     696.33   27.46585
   159.53270     738.12   28.22396
   159.58266     717.91   27.86353
   159.63265     648.08   26.40111
   159.68256     615.96   25.66649
   159.73266     707.06   27.63862
   159.78269     689.22   27.11882
   159.83263     687.49   27.18132
   159.88266     717.11   27.83827
   159.93268     697.76   27.35720
   159.98267     708.69   27.63093
   160.03261     695.56   27.14464
   160.08260     716.64   27.64181
   160.13272     679.97   26.99444
   160.19110     714.17   30.31085
   160.24114     689.84   30.02245
   160.29121     707.15   30.21112
   160.34126     716.63   30.19286
   160.39121     703.05   30.24588
   160.44109     695.01   29.78021
   160.49113     702.89   29.59088
   160.54113     698.60   29.79540
   160.59115     676.66   29.62296
   160.64121     727.41   30.52839
   160.69098     703.42   29.78415
   160.74107     737.62   31.36647
   160.79114     678.78   29.57089
   160.84111     741.88   30.98807
   160.89109     730.22   30.75935
   160.94100     782.16   32.22161
   160.99111     721.82   30.89751
   161.04114     690.27   29.97449
   161.09108     744.54   31.14935
   161.14111     712.73   31.15840
   161.19112     732.09   30.83093
   161.24111     737.52   31.05622
   161.29105     768.67   31.13940
   161.34105     730.32   30.82792
   161.39116     768.33   31.74138
   161.44685     769.95   39.32040
   161.49689     752.58   38.46182
   161.54696     743.50   38.25167
   161.59701     801.03   39.51588
   161.64695     840.09   40.53052
   161.69684     742.83   37.76188
   161.74688     787.70   39.14829
   161.79687     759.80   38.08665
   161.84689     808.16   39.47128
   161.89695     703.32   36.92441
   161.94672     801.35   39.45592
   161.99682     787.39   39.15888
   162.04689     813.54   40.12743
   162.09685     822.33   39.84239
   162.14684     868.36   41.10873
   162.19675     849.11   40.39905
   162.24685     795.91   39.59343
   162.29688     807.19   39.68526
   162.34682     877.87   41.45788
   162.39685     812.98   39.75952
   162.44687     743.48   37.66107
   162.49685     818.59   40.75815
   162.54680     769.24   38.21860
   162.59679     844.45   40.37411
   162.64691     833.34   40.52328
   162.70654     796.80   60.51795
   162.75658     879.84   63.41430
   162.80665     979.15   67.24493
   162.85670     899.26   64.13287
   162.90664     862.82   62.67632
   162.95653     847.41   62.21205
   163.00657     890.75   63.40810
   163.05657     850.26   62.20073
   163.10659     826.12   61.30564
   163.15665     966.26   66.22865
   163.20642     938.62   65.32272
   163.25651     865.14   62.12572
   163.30658     897.06   64.34449
   163.35654     966.78   66.40964
   163.40653     975.60   66.48457
   163.45644    1063.71   69.45311
   163.50654     981.95   66.61054
   163.55657     959.97   65.18457
   163.60652    1116.65   71.63894
   163.65654    1014.94   67.92402
   163.70656    1106.06   70.89243
   163.75655    1219.54   75.04669
   163.80649    1272.44   76.11867
   163.85649    1239.60   75.53265
   163.90660    1262.89   76.04648
